0 verbose cli /Users/macbook/.nvm/versions/node/v24.21.0/bin/node /Users/macbook/.nvm/versions/node/v24.21.0/bin/npm
1 info using npm@11.19.0
2 info using node@v24.21.0
3 silly config load:file:/Users/macbook/.nvm/versions/node/v24.21.0/lib/node_modules/npm/npmrc
4 silly config load:file:/Users/macbook/Downloads/FrontEnd_Training/eagletech-store/.npmrc
5 silly config load:file:/Users/macbook/.npmrc
6 silly config load:file:/Users/macbook/.nvm/versions/node/v24.21.0/etc/npmrc
7 verbose title npm install typescript @types/node @types/react @types/react-dom tailwindcss postcss autoprefixer eslint eslint-config-next
8 verbose argv "install" "--save-dev" "typescript" "@types/node" "@types/react" "@types/react-dom" "tailwindcss" "postcss" "autoprefixer" "eslint" "eslint-config-next" "--cache" "./.npm-cache"
9 verbose logfile logs-max:10 dir:/Users/macbook/Downloads/FrontEnd_Training/eagletech-store/.npm-cache/_logs/2026-10-01T23_19_56_903Z-
10 verbose logfile /Users/macbook/Downloads/FrontEnd_Training/eagletech-store/.npm-cache/_logs/2026-10-01T23_19_56_903Z-debug-0.log
11 silly logfile done cleaning log files
12 silly packumentCache heap:4496293888 maxSize:1124073472 maxEntrySize:562036736
13 silly idealTree buildDeps
14 silly fetch manifest typescript@*
15 silly packumentCache full:https://registry.npmjs.org/typescript cache-miss
16 http fetch GET 200 https://registry.npmjs.org/npm 5104ms
17 http fetch GET 200 https://registry.npmjs.org/typescript 5861ms (cache miss)
18 silly packumentCache full:https://registry.npmjs.org/typescript set size:undefined disposed:false
19 silly fetch manifest @types/node@*
20 silly packumentCache full:https://registry.npmjs.org/@types%2fnode cache-miss
21 http fetch GET 200 https://registry.npmjs.org/@types%2fnode 1349ms (cache miss)
22 silly packumentCache full:https://registry.npmjs.org/@types%2fnode set size:undefined disposed:false
23 silly fetch manifest @types/react@*
24 silly packumentCache full:https://registry.npmjs.org/@types%2freact cache-miss
25 http fetch GET 200 https://registry.npmjs.org/@types%2freact 568ms (cache miss)
26 silly packumentCache full:https://registry.npmjs.org/@types%2freact set size:undefined disposed:false
27 silly fetch manifest @types/react-dom@*
28 silly packumentCache full:https://registry.npmjs.org/@types%2freact-dom cache-miss
29 http fetch GET 200 https://registry.npmjs.org/@types%2freact-dom 375ms (cache miss)
30 silly packumentCache full:https://registry.npmjs.org/@types%2freact-dom set size:undefined disposed:false
31 silly fetch manifest tailwindcss@*
32 silly packumentCache full:https://registry.npmjs.org/tailwindcss cache-miss
33 http fetch GET 200 https://registry.npmjs.org/tailwindcss 761ms (cache miss)
34 silly packumentCache full:https://registry.npmjs.org/tailwindcss set size:undefined disposed:false
35 silly fetch manifest postcss@*
36 silly packumentCache full:https://registry.npmjs.org/postcss cache-miss
37 http fetch GET 200 https://registry.npmjs.org/postcss 442ms (cache miss)
38 silly packumentCache full:https://registry.npmjs.org/postcss set size:undefined disposed:false
39 silly fetch manifest autoprefixer@*
40 silly packumentCache full:https://registry.npmjs.org/autoprefixer cache-miss
41 http fetch GET 200 https://registry.npmjs.org/autoprefixer 1067ms (cache miss)
42 silly packumentCache full:https://registry.npmjs.org/autoprefixer set size:undefined disposed:false
43 silly fetch manifest eslint@*
44 silly packumentCache full:https://registry.npmjs.org/eslint cache-miss
45 http fetch GET 200 https://registry.npmjs.org/eslint 1246ms (cache miss)
46 silly packumentCache full:https://registry.npmjs.org/eslint set size:undefined disposed:false
47 silly fetch manifest jiti@*
48 silly packumentCache full:https://registry.npmjs.org/jiti cache-miss
49 http fetch GET 200 https://registry.npmjs.org/jiti 370ms (cache miss)
50 silly packumentCache full:https://registry.npmjs.org/jiti set size:undefined disposed:false
51 silly fetch manifest eslint-config-next@*
52 silly packumentCache full:https://registry.npmjs.org/eslint-config-next cache-miss
53 http fetch GET 200 https://registry.npmjs.org/eslint-config-next 702ms (cache miss)
54 silly packumentCache full:https://registry.npmjs.org/eslint-config-next set size:undefined disposed:false
55 silly placeDep ROOT @types/node@26.6.4 OK for: eagletech-store@1.0.0 want: *
56 silly placeDep ROOT @types/react@19.3.0 OK for: eagletech-store@1.0.0 want: *
57 silly placeDep ROOT @types/react-dom@19.3.0 OK for: eagletech-store@1.0.0 want: *
58 silly placeDep ROOT autoprefixer@10.6.1 OK for: eagletech-store@1.0.0 want: *
59 silly placeDep ROOT eslint@10.11.0 OK for: eagletech-store@1.0.0 want: *
60 silly placeDep ROOT eslint-config-next@16.3.8 OK for: eagletech-store@1.0.0 want: *
61 silly placeDep ROOT postcss@8.5.28 REPLACE for: eagletech-store@1.0.0 want: *
62 silly placeDep ROOT tailwindcss@4.3.3 OK for: eagletech-store@1.0.0 want: *
63 silly placeDep ROOT typescript@7.0.2 OK for: eagletech-store@1.0.0 want: *
64 silly fetch manifest undici-types@~8.9.0
65 silly packumentCache full:https://registry.npmjs.org/undici-types cache-miss
66 silly fetch manifest csstype@^3.2.2
67 silly packumentCache full:https://registry.npmjs.org/csstype cache-miss
68 silly fetch manifest fraction.js@^5.3.4
69 silly packumentCache full:https://registry.npmjs.org/fraction.js cache-miss
70 silly fetch manifest browserslist@^4.28.9
71 silly packumentCache full:https://registry.npmjs.org/browserslist cache-miss
72 silly fetch manifest postcss-value-parser@^4.2.0
73 silly packumentCache full:https://registry.npmjs.org/postcss-value-parser cache-miss
74 silly fetch manifest ajv@^6.14.0
75 silly packumentCache full:https://registry.npmjs.org/ajv cache-miss
76 silly fetch manifest debug@^4.3.2
77 silly packumentCache full:https://registry.npmjs.org/debug cache-miss
78 silly fetch manifest espree@^11.2.0
79 silly packumentCache full:https://registry.npmjs.org/espree cache-miss
80 silly fetch manifest ignore@^5.2.0
81 silly packumentCache full:https://registry.npmjs.org/ignore cache-miss
82 silly fetch manifest esquery@^1.7.0
83 silly packumentCache full:https://registry.npmjs.org/esquery cache-miss
84 silly fetch manifest esutils@^2.0.2
85 silly packumentCache full:https://registry.npmjs.org/esutils cache-miss
86 http fetch GET 200 https://registry.npmjs.org/undici-types 376ms (cache miss)
87 silly packumentCache full:https://registry.npmjs.org/undici-types set size:undefined disposed:false
88 silly fetch manifest find-up@^5.0.0
89 silly packumentCache full:https://registry.npmjs.org/find-up cache-miss
90 http fetch GET 200 https://registry.npmjs.org/csstype 402ms (cache miss)
91 silly packumentCache full:https://registry.npmjs.org/csstype set size:undefined disposed:false
92 silly fetch manifest is-glob@^4.0.0
93 silly packumentCache full:https://registry.npmjs.org/is-glob cache-miss
94 http fetch GET 200 https://registry.npmjs.org/find-up 352ms (cache miss)
95 silly packumentCache full:https://registry.npmjs.org/find-up set size:undefined disposed:false
96 silly fetch manifest minimatch@^10.2.5
97 silly packumentCache full:https://registry.npmjs.org/minimatch cache-miss
98 http fetch GET 200 https://registry.npmjs.org/is-glob 374ms (cache miss)
99 silly packumentCache full:https://registry.npmjs.org/is-glob set size:undefined disposed:false
100 silly fetch manifest optionator@^0.9.3
101 silly packumentCache full:https://registry.npmjs.org/optionator cache-miss
102 http fetch GET 200 https://registry.npmjs.org/minimatch 356ms (cache miss)
103 silly packumentCache full:https://registry.npmjs.org/minimatch set size:undefined disposed:false
104 silly fetch manifest cross-spawn@^7.0.6
105 silly packumentCache full:https://registry.npmjs.org/cross-spawn cache-miss
106 http fetch GET 200 https://registry.npmjs.org/optionator 363ms (cache miss)
107 silly packumentCache full:https://registry.npmjs.org/optionator set size:undefined disposed:false
108 silly fetch manifest glob-parent@^6.0.2
109 silly packumentCache full:https://registry.npmjs.org/glob-parent cache-miss
110 http fetch GET 200 https://registry.npmjs.org/cross-spawn 367ms (cache miss)
111 silly packumentCache full:https://registry.npmjs.org/cross-spawn set size:undefined disposed:false
112 silly fetch manifest imurmurhash@^0.1.4
113 silly packumentCache full:https://registry.npmjs.org/imurmurhash cache-miss
114 http fetch GET 200 https://registry.npmjs.org/glob-parent 380ms (cache miss)
115 silly packumentCache full:https://registry.npmjs.org/glob-parent set size:undefined disposed:false
116 silly fetch manifest @eslint/core@^1.2.1
117 silly packumentCache full:https://registry.npmjs.org/@eslint%2fcore cache-miss
118 http fetch GET 200 https://registry.npmjs.org/imurmurhash 340ms (cache miss)
119 silly packumentCache full:https://registry.npmjs.org/imurmurhash set size:undefined disposed:false
120 silly fetch manifest eslint-scope@^9.1.2
121 silly packumentCache full:https://registry.npmjs.org/eslint-scope cache-miss
122 http fetch GET 200 https://registry.npmjs.org/@eslint%2fcore 388ms (cache miss)
123 silly packumentCache full:https://registry.npmjs.org/@eslint%2fcore set size:undefined disposed:false
124 silly fetch manifest @humanfs/node@^0.16.6
125 silly packumentCache full:https://registry.npmjs.org/@humanfs%2fnode cache-miss
126 http fetch GET 200 https://registry.npmjs.org/eslint-scope 341ms (cache miss)
127 silly packumentCache full:https://registry.npmjs.org/eslint-scope set size:undefined disposed:false
128 silly fetch manifest @types/estree@^1.0.6
129 silly packumentCache full:https://registry.npmjs.org/@types%2festree cache-miss
130 http fetch GET 200 https://registry.npmjs.org/@humanfs%2fnode 373ms (cache miss)
131 silly packumentCache full:https://registry.npmjs.org/@humanfs%2fnode set size:undefined disposed:false
132 silly fetch manifest fast-deep-equal@^3.1.3
133 silly packumentCache full:https://registry.npmjs.org/fast-deep-equal cache-miss
134 http fetch GET 200 https://registry.npmjs.org/@types%2festree 358ms (cache miss)
135 silly packumentCache full:https://registry.npmjs.org/@types%2festree set size:undefined disposed:false
136 silly fetch manifest natural-compare@^1.4.0
137 silly packumentCache full:https://registry.npmjs.org/natural-compare cache-miss
138 http fetch GET 200 https://registry.npmjs.org/fast-deep-equal 407ms (cache miss)
139 silly packumentCache full:https://registry.npmjs.org/fast-deep-equal set size:undefined disposed:false
140 silly fetch manifest file-entry-cache@11.1.5 || >11.1.6 <12
141 silly packumentCache full:https://registry.npmjs.org/file-entry-cache cache-miss
142 http fetch GET 200 https://registry.npmjs.org/natural-compare 343ms (cache miss)
143 silly packumentCache full:https://registry.npmjs.org/natural-compare set size:undefined disposed:false
144 silly fetch manifest @eslint/plugin-kit@^0.7.3
145 silly packumentCache full:https://registry.npmjs.org/@eslint%2fplugin-kit cache-miss
146 http fetch GET 200 https://registry.npmjs.org/file-entry-cache 1245ms (cache miss)
147 silly packumentCache full:https://registry.npmjs.org/file-entry-cache set size:undefined disposed:false
148 silly fetch manifest eslint-visitor-keys@^5.0.1
149 silly packumentCache full:https://registry.npmjs.org/eslint-visitor-keys cache-miss
150 http fetch GET 200 https://registry.npmjs.org/@eslint%2fplugin-kit 1187ms (cache miss)
151 silly packumentCache full:https://registry.npmjs.org/@eslint%2fplugin-kit set size:undefined disposed:false
152 silly fetch manifest @eslint/config-array@^0.23.5
153 silly packumentCache full:https://registry.npmjs.org/@eslint%2fconfig-array cache-miss
154 http fetch GET 200 https://registry.npmjs.org/@eslint%2fconfig-array 370ms (cache miss)
155 silly packumentCache full:https://registry.npmjs.org/@eslint%2fconfig-array set size:undefined disposed:false
156 silly fetch manifest @humanwhocodes/retry@^0.4.2
157 silly packumentCache full:https://registry.npmjs.org/@humanwhocodes%2fretry cache-miss
158 http fetch GET 200 https://registry.npmjs.org/eslint-visitor-keys 478ms (cache miss)
159 silly packumentCache full:https://registry.npmjs.org/eslint-visitor-keys set size:undefined disposed:false
160 silly fetch manifest escape-string-regexp@^4.0.0
161 silly packumentCache full:https://registry.npmjs.org/escape-string-regexp cache-miss
162 http fetch GET 200 https://registry.npmjs.org/@humanwhocodes%2fretry 361ms (cache miss)
163 silly packumentCache full:https://registry.npmjs.org/@humanwhocodes%2fretry set size:undefined disposed:false
164 silly fetch manifest @eslint/config-helpers@^0.7.0
165 silly packumentCache full:https://registry.npmjs.org/@eslint%2fconfig-helpers cache-miss
166 http fetch GET 200 https://registry.npmjs.org/escape-string-regexp 363ms (cache miss)
167 silly packumentCache full:https://registry.npmjs.org/escape-string-regexp set size:undefined disposed:false
168 silly fetch manifest @eslint-community/regexpp@^4.12.2
169 silly packumentCache full:https://registry.npmjs.org/@eslint-community%2fregexpp cache-miss
170 http fetch GET 200 https://registry.npmjs.org/espree 4962ms (cache miss)
171 silly packumentCache full:https://registry.npmjs.org/espree set size:undefined disposed:false
172 silly fetch manifest @eslint-community/eslint-utils@^4.8.0
173 silly packumentCache full:https://registry.npmjs.org/@eslint-community%2feslint-utils cache-miss
174 http fetch GET 200 https://registry.npmjs.org/esutils 5063ms (cache miss)
175 silly packumentCache full:https://registry.npmjs.org/esutils set size:undefined disposed:false
176 silly fetch manifest @humanwhocodes/module-importer@^1.0.1
177 silly packumentCache full:https://registry.npmjs.org/@humanwhocodes%2fmodule-importer cache-miss
178 http fetch GET 200 https://registry.npmjs.org/esquery 5094ms (cache miss)
179 silly packumentCache full:https://registry.npmjs.org/esquery set size:undefined disposed:false
180 silly fetch manifest json-stable-stringify-without-jsonify@^1.0.1
181 silly packumentCache full:https://registry.npmjs.org/json-stable-stringify-without-jsonify cache-miss
182 http fetch GET 200 https://registry.npmjs.org/fraction.js 5122ms (cache miss)
183 silly packumentCache full:https://registry.npmjs.org/fraction.js set size:undefined disposed:false
184 silly fetch manifest globals@16.4.0
185 silly packumentCache full:https://registry.npmjs.org/globals cache-miss
186 http fetch GET 200 https://registry.npmjs.org/@eslint%2fconfig-helpers 378ms (cache miss)
187 silly packumentCache full:https://registry.npmjs.org/@eslint%2fconfig-helpers set size:undefined disposed:false
188 silly fetch manifest typescript-eslint@^8.46.0
189 silly packumentCache full:https://registry.npmjs.org/typescript-eslint cache-miss
190 http fetch GET 200 https://registry.npmjs.org/postcss-value-parser 5146ms (cache miss)
191 silly packumentCache full:https://registry.npmjs.org/postcss-value-parser set size:undefined disposed:false
192 silly fetch manifest eslint-plugin-react@^7.37.0
193 silly packumentCache full:https://registry.npmjs.org/eslint-plugin-react cache-miss
194 http fetch GET 200 https://registry.npmjs.org/ignore 5154ms (cache miss)
195 silly packumentCache full:https://registry.npmjs.org/ignore set size:undefined disposed:false
196 silly fetch manifest eslint-plugin-import@^2.32.0
197 silly packumentCache full:https://registry.npmjs.org/eslint-plugin-import cache-miss
198 http fetch GET 200 https://registry.npmjs.org/@eslint-community%2fregexpp 383ms (cache miss)
199 silly packumentCache full:https://registry.npmjs.org/@eslint-community%2fregexpp set size:undefined disposed:false
200 silly fetch manifest eslint-plugin-jsx-a11y@^6.10.0
201 silly packumentCache full:https://registry.npmjs.org/eslint-plugin-jsx-a11y cache-miss
202 http fetch GET 200 https://registry.npmjs.org/debug 5178ms (cache miss)
203 silly packumentCache full:https://registry.npmjs.org/debug set size:undefined disposed:false
204 silly fetch manifest @next/eslint-plugin-next@16.3.8
205 silly packumentCache full:https://registry.npmjs.org/@next%2feslint-plugin-next cache-miss
206 http fetch GET 200 https://registry.npmjs.org/@eslint-community%2feslint-utils 362ms (cache miss)
207 silly packumentCache full:https://registry.npmjs.org/@eslint-community%2feslint-utils set size:undefined disposed:false
208 silly fetch manifest eslint-plugin-react-hooks@^7.0.0
209 silly packumentCache full:https://registry.npmjs.org/eslint-plugin-react-hooks cache-miss
210 http fetch GET 200 https://registry.npmjs.org/json-stable-stringify-without-jsonify 390ms (cache miss)
211 silly packumentCache full:https://registry.npmjs.org/json-stable-stringify-without-jsonify set size:undefined disposed:false
212 silly fetch manifest eslint-import-resolver-node@^0.3.6
213 silly packumentCache full:https://registry.npmjs.org/eslint-import-resolver-node cache-miss
214 http fetch GET 200 https://registry.npmjs.org/@humanwhocodes%2fmodule-importer 422ms (cache miss)
215 silly packumentCache full:https://registry.npmjs.org/@humanwhocodes%2fmodule-importer set size:undefined disposed:false
216 silly fetch manifest eslint-import-resolver-typescript@^3.5.2
217 silly packumentCache full:https://registry.npmjs.org/eslint-import-resolver-typescript cache-miss
218 http fetch GET 200 https://registry.npmjs.org/eslint-plugin-react 396ms (cache miss)
219 silly packumentCache full:https://registry.npmjs.org/eslint-plugin-react set size:undefined disposed:false
220 silly fetch manifest @typescript/typescript-aix-ppc64@7.0.2
221 silly packumentCache full:https://registry.npmjs.org/@typescript%2ftypescript-aix-ppc64 cache-miss
222 http fetch GET 200 https://registry.npmjs.org/eslint-plugin-jsx-a11y 377ms (cache miss)
223 silly packumentCache full:https://registry.npmjs.org/eslint-plugin-jsx-a11y set size:undefined disposed:false
224 silly fetch manifest @typescript/typescript-linux-arm@7.0.2
225 silly packumentCache full:https://registry.npmjs.org/@typescript%2ftypescript-linux-arm cache-miss
226 http fetch GET 200 https://registry.npmjs.org/browserslist 5556ms (cache miss)
227 silly packumentCache full:https://registry.npmjs.org/browserslist set size:undefined disposed:false
228 silly fetch manifest @typescript/typescript-linux-x64@7.0.2
229 silly packumentCache full:https://registry.npmjs.org/@typescript%2ftypescript-linux-x64 cache-miss
230 http fetch GET 200 https://registry.npmjs.org/globals 449ms (cache miss)
231 silly packumentCache full:https://registry.npmjs.org/globals set size:undefined disposed:false
232 silly fetch manifest @typescript/typescript-sunos-x64@7.0.2
233 silly packumentCache full:https://registry.npmjs.org/@typescript%2ftypescript-sunos-x64 cache-miss
234 http fetch GET 200 https://registry.npmjs.org/eslint-plugin-import 488ms (cache miss)
235 silly packumentCache full:https://registry.npmjs.org/eslint-plugin-import set size:undefined disposed:false
236 silly fetch manifest @typescript/typescript-win32-x64@7.0.2
237 silly packumentCache full:https://registry.npmjs.org/@typescript%2ftypescript-win32-x64 cache-miss
238 http fetch GET 200 https://registry.npmjs.org/ajv 5648ms (cache miss)
239 silly packumentCache full:https://registry.npmjs.org/ajv set size:undefined disposed:false
240 silly fetch manifest @typescript/typescript-darwin-x64@7.0.2
241 silly packumentCache full:https://registry.npmjs.org/@typescript%2ftypescript-darwin-x64 cache-miss
242 http fetch GET 200 https://registry.npmjs.org/eslint-import-resolver-node 401ms (cache miss)
243 silly packumentCache full:https://registry.npmjs.org/eslint-import-resolver-node set size:undefined disposed:false
244 silly fetch manifest @typescript/typescript-netbsd-x64@7.0.2
245 silly packumentCache full:https://registry.npmjs.org/@typescript%2ftypescript-netbsd-x64 cache-miss
246 http fetch GET 200 https://registry.npmjs.org/@typescript%2ftypescript-aix-ppc64 373ms (cache miss)
247 silly packumentCache full:https://registry.npmjs.org/@typescript%2ftypescript-aix-ppc64 set size:undefined disposed:false
248 silly fetch manifest @typescript/typescript-freebsd-x64@7.0.2
249 silly packumentCache full:https://registry.npmjs.org/@typescript%2ftypescript-freebsd-x64 cache-miss
250 http fetch GET 200 https://registry.npmjs.org/eslint-import-resolver-typescript 460ms (cache miss)
251 silly packumentCache full:https://registry.npmjs.org/eslint-import-resolver-typescript set size:undefined disposed:false
252 silly fetch manifest @typescript/typescript-linux-arm64@7.0.2
253 silly packumentCache full:https://registry.npmjs.org/@typescript%2ftypescript-linux-arm64 cache-miss
254 http fetch GET 200 https://registry.npmjs.org/@typescript%2ftypescript-sunos-x64 382ms (cache miss)
255 silly packumentCache full:https://registry.npmjs.org/@typescript%2ftypescript-sunos-x64 set size:undefined disposed:false
256 silly fetch manifest @typescript/typescript-linux-ppc64@7.0.2
257 silly packumentCache full:https://registry.npmjs.org/@typescript%2ftypescript-linux-ppc64 cache-miss
258 http fetch GET 200 https://registry.npmjs.org/@typescript%2ftypescript-linux-arm 411ms (cache miss)
259 silly packumentCache full:https://registry.npmjs.org/@typescript%2ftypescript-linux-arm set size:undefined disposed:false
260 silly fetch manifest @typescript/typescript-linux-s390x@7.0.2
261 silly packumentCache full:https://registry.npmjs.org/@typescript%2ftypescript-linux-s390x cache-miss
262 http fetch GET 200 https://registry.npmjs.org/@typescript%2ftypescript-linux-x64 455ms (cache miss)
263 silly packumentCache full:https://registry.npmjs.org/@typescript%2ftypescript-linux-x64 set size:undefined disposed:false
264 silly fetch manifest @typescript/typescript-openbsd-x64@7.0.2
265 silly packumentCache full:https://registry.npmjs.org/@typescript%2ftypescript-openbsd-x64 cache-miss
266 http fetch GET 200 https://registry.npmjs.org/@typescript%2ftypescript-darwin-x64 417ms (cache miss)
267 silly packumentCache full:https://registry.npmjs.org/@typescript%2ftypescript-darwin-x64 set size:undefined disposed:false
268 silly fetch manifest @typescript/typescript-win32-arm64@7.0.2
269 silly packumentCache full:https://registry.npmjs.org/@typescript%2ftypescript-win32-arm64 cache-miss
270 http fetch GET 200 https://registry.npmjs.org/@typescript%2ftypescript-win32-x64 449ms (cache miss)
271 silly packumentCache full:https://registry.npmjs.org/@typescript%2ftypescript-win32-x64 set size:undefined disposed:false
272 silly fetch manifest @typescript/typescript-darwin-arm64@7.0.2
273 silly packumentCache full:https://registry.npmjs.org/@typescript%2ftypescript-darwin-arm64 cache-miss
274 http fetch GET 200 https://registry.npmjs.org/@typescript%2ftypescript-netbsd-x64 378ms (cache miss)
275 silly packumentCache full:https://registry.npmjs.org/@typescript%2ftypescript-netbsd-x64 set size:undefined disposed:false
276 silly fetch manifest @typescript/typescript-netbsd-arm64@7.0.2
277 silly packumentCache full:https://registry.npmjs.org/@typescript%2ftypescript-netbsd-arm64 cache-miss
278 http fetch GET 200 https://registry.npmjs.org/@typescript%2ftypescript-linux-ppc64 403ms (cache miss)
279 silly packumentCache full:https://registry.npmjs.org/@typescript%2ftypescript-linux-ppc64 set size:undefined disposed:false
280 silly fetch manifest @typescript/typescript-freebsd-arm64@7.0.2
281 silly packumentCache full:https://registry.npmjs.org/@typescript%2ftypescript-freebsd-arm64 cache-miss
282 http fetch GET 200 https://registry.npmjs.org/@typescript%2ftypescript-linux-s390x 399ms (cache miss)
283 silly packumentCache full:https://registry.npmjs.org/@typescript%2ftypescript-linux-s390x set size:undefined disposed:false
284 silly fetch manifest @typescript/typescript-linux-loong64@7.0.2
285 silly packumentCache full:https://registry.npmjs.org/@typescript%2ftypescript-linux-loong64 cache-miss
286 http fetch GET 200 https://registry.npmjs.org/@typescript%2ftypescript-freebsd-x64 440ms (cache miss)
287 silly packumentCache full:https://registry.npmjs.org/@typescript%2ftypescript-freebsd-x64 set size:undefined disposed:false
288 silly fetch manifest @typescript/typescript-linux-riscv64@7.0.2
289 silly packumentCache full:https://registry.npmjs.org/@typescript%2ftypescript-linux-riscv64 cache-miss
290 http fetch GET 200 https://registry.npmjs.org/@typescript%2ftypescript-linux-arm64 452ms (cache miss)
291 silly packumentCache full:https://registry.npmjs.org/@typescript%2ftypescript-linux-arm64 set size:undefined disposed:false
292 silly fetch manifest @typescript/typescript-openbsd-arm64@7.0.2
293 silly packumentCache full:https://registry.npmjs.org/@typescript%2ftypescript-openbsd-arm64 cache-miss
294 http fetch GET 200 https://registry.npmjs.org/@typescript%2ftypescript-openbsd-x64 408ms (cache miss)
295 silly packumentCache full:https://registry.npmjs.org/@typescript%2ftypescript-openbsd-x64 set size:undefined disposed:false
296 silly fetch manifest @typescript/typescript-linux-mips64el@7.0.2
297 silly packumentCache full:https://registry.npmjs.org/@typescript%2ftypescript-linux-mips64el cache-miss
298 http fetch GET 200 https://registry.npmjs.org/@typescript%2ftypescript-win32-arm64 483ms (cache miss)
299 silly packumentCache full:https://registry.npmjs.org/@typescript%2ftypescript-win32-arm64 set size:undefined disposed:false
300 http fetch GET 200 https://registry.npmjs.org/@typescript%2ftypescript-darwin-arm64 470ms (cache miss)
301 silly packumentCache full:https://registry.npmjs.org/@typescript%2ftypescript-darwin-arm64 set size:undefined disposed:false
302 http fetch GET 200 https://registry.npmjs.org/@typescript%2ftypescript-netbsd-arm64 402ms (cache miss)
303 silly packumentCache full:https://registry.npmjs.org/@typescript%2ftypescript-netbsd-arm64 set size:undefined disposed:false
304 http fetch GET 200 https://registry.npmjs.org/typescript-eslint 1726ms (cache miss)
305 silly packumentCache full:https://registry.npmjs.org/typescript-eslint set size:undefined disposed:false
306 http fetch GET 200 https://registry.npmjs.org/@typescript%2ftypescript-linux-loong64 537ms (cache miss)
307 silly packumentCache full:https://registry.npmjs.org/@typescript%2ftypescript-linux-loong64 set size:undefined disposed:false
308 http fetch GET 200 https://registry.npmjs.org/@typescript%2ftypescript-linux-riscv64 537ms (cache miss)
309 silly packumentCache full:https://registry.npmjs.org/@typescript%2ftypescript-linux-riscv64 set size:undefined disposed:false
310 http fetch GET 200 https://registry.npmjs.org/@typescript%2ftypescript-freebsd-arm64 539ms (cache miss)
311 silly packumentCache full:https://registry.npmjs.org/@typescript%2ftypescript-freebsd-arm64 set size:undefined disposed:false
312 http fetch GET 200 https://registry.npmjs.org/@typescript%2ftypescript-openbsd-arm64 496ms (cache miss)
313 silly packumentCache full:https://registry.npmjs.org/@typescript%2ftypescript-openbsd-arm64 set size:undefined disposed:false
314 http fetch GET 200 https://registry.npmjs.org/@typescript%2ftypescript-linux-mips64el 477ms (cache miss)
315 silly packumentCache full:https://registry.npmjs.org/@typescript%2ftypescript-linux-mips64el set size:undefined disposed:false
316 http fetch GET 200 https://registry.npmjs.org/eslint-plugin-react-hooks 1611ms (cache miss)
317 silly packumentCache full:https://registry.npmjs.org/eslint-plugin-react-hooks set size:undefined disposed:false
318 http fetch GET 200 https://registry.npmjs.org/@next%2feslint-plugin-next 2077ms (cache miss)
319 silly packumentCache full:https://registry.npmjs.org/@next%2feslint-plugin-next set size:undefined disposed:false
320 silly placeDep ROOT undici-types@8.9.0 OK for: @types/node@26.6.4 want: ~8.9.0
321 silly placeDep ROOT csstype@3.2.3 OK for: @types/react@19.3.0 want: ^3.2.2
322 silly placeDep ROOT browserslist@4.29.3 OK for: autoprefixer@10.6.1 want: ^4.28.9
323 silly placeDep ROOT fraction.js@5.3.4 OK for: autoprefixer@10.6.1 want: ^5.3.4
324 silly placeDep ROOT postcss-value-parser@4.2.0 OK for: autoprefixer@10.6.1 want: ^4.2.0
325 silly fetch manifest node-releases@^2.0.57
326 silly packumentCache full:https://registry.npmjs.org/node-releases cache-miss
327 silly fetch manifest electron-to-chromium@^1.5.439
328 silly packumentCache full:https://registry.npmjs.org/electron-to-chromium cache-miss
329 silly fetch manifest update-browserslist-db@^1.3.3
330 silly packumentCache full:https://registry.npmjs.org/update-browserslist-db cache-miss
331 silly fetch manifest baseline-browser-mapping@^2.11.26
332 silly packumentCache full:https://registry.npmjs.org/baseline-browser-mapping cache-miss
333 http fetch GET 200 https://registry.npmjs.org/update-browserslist-db 734ms (cache miss)
334 silly packumentCache full:https://registry.npmjs.org/update-browserslist-db set size:undefined disposed:false
335 http fetch GET 200 https://registry.npmjs.org/baseline-browser-mapping 771ms (cache miss)
336 silly packumentCache full:https://registry.npmjs.org/baseline-browser-mapping set size:undefined disposed:false
337 http fetch GET 200 https://registry.npmjs.org/node-releases 841ms (cache miss)
338 silly packumentCache full:https://registry.npmjs.org/node-releases set size:undefined disposed:false
339 http fetch GET 200 https://registry.npmjs.org/electron-to-chromium 1941ms (cache miss)
340 silly packumentCache full:https://registry.npmjs.org/electron-to-chromium set size:undefined disposed:false
341 silly fetch manifest browserslist@>= 4.21.0
342 silly packumentCache full:https://registry.npmjs.org/browserslist cache-miss
343 http cache https://registry.npmjs.org/browserslist 8ms (cache hit)
344 silly packumentCache full:https://registry.npmjs.org/browserslist set size:530436 disposed:false
345 silly placeDep ROOT baseline-browser-mapping@2.11.27 OK for: browserslist@4.29.3 want: ^2.11.26
346 silly placeDep ROOT electron-to-chromium@1.5.443 OK for: browserslist@4.29.3 want: ^1.5.439
347 silly placeDep ROOT node-releases@2.0.57 OK for: browserslist@4.29.3 want: ^2.0.57
348 silly placeDep ROOT update-browserslist-db@1.3.3 OK for: browserslist@4.29.3 want: ^1.3.3
349 silly fetch manifest escalade@^3.2.0
350 silly packumentCache full:https://registry.npmjs.org/escalade cache-miss
351 http fetch GET 200 https://registry.npmjs.org/escalade 355ms (cache miss)
352 silly packumentCache full:https://registry.npmjs.org/escalade set size:undefined disposed:false
353 silly fetch manifest eslint@^6.0.0 || ^7.0.0 || >=8.0.0
354 silly packumentCache full:https://registry.npmjs.org/eslint cache-miss
355 http cache https://registry.npmjs.org/eslint 8ms (cache hit)
356 silly packumentCache full:https://registry.npmjs.org/eslint set size:2085131 disposed:false
357 silly placeDep ROOT @eslint-community/eslint-utils@4.10.1 OK for: eslint@10.11.0 want: ^4.8.0
358 silly placeDep ROOT @eslint-community/regexpp@4.12.2 OK for: eslint@10.11.0 want: ^4.12.2
359 silly placeDep ROOT @eslint/config-array@0.23.5 OK for: eslint@10.11.0 want: ^0.23.5
360 silly placeDep ROOT @eslint/config-helpers@0.7.0 OK for: eslint@10.11.0 want: ^0.7.0
361 silly placeDep ROOT @eslint/core@1.2.1 OK for: eslint@10.11.0 want: ^1.2.1
362 silly placeDep ROOT @eslint/plugin-kit@0.7.3 OK for: eslint@10.11.0 want: ^0.7.3
363 silly placeDep ROOT @humanfs/node@0.16.8 OK for: eslint@10.11.0 want: ^0.16.6
364 silly placeDep ROOT @humanwhocodes/module-importer@1.0.1 OK for: eslint@10.11.0 want: ^1.0.1
365 silly placeDep ROOT @humanwhocodes/retry@0.4.3 OK for: eslint@10.11.0 want: ^0.4.2
366 silly placeDep ROOT @types/estree@1.0.9 OK for: eslint@10.11.0 want: ^1.0.6
367 silly placeDep ROOT ajv@6.15.0 OK for: eslint@10.11.0 want: ^6.14.0
368 silly placeDep ROOT cross-spawn@7.0.6 OK for: eslint@10.11.0 want: ^7.0.6
369 silly placeDep ROOT debug@4.4.3 OK for: eslint@10.11.0 want: ^4.3.2
370 silly placeDep ROOT escape-string-regexp@4.0.0 OK for: eslint@10.11.0 want: ^4.0.0
371 silly placeDep ROOT eslint-scope@9.1.2 OK for: eslint@10.11.0 want: ^9.1.2
372 silly placeDep ROOT eslint-visitor-keys@5.0.1 OK for: eslint@10.11.0 want: ^5.0.1
373 silly placeDep ROOT espree@11.2.0 OK for: eslint@10.11.0 want: ^11.2.0
374 silly placeDep ROOT esquery@1.7.0 OK for: eslint@10.11.0 want: ^1.7.0
375 silly placeDep ROOT esutils@2.0.3 OK for: eslint@10.11.0 want: ^2.0.2
376 silly placeDep ROOT fast-deep-equal@3.1.3 OK for: eslint@10.11.0 want: ^3.1.3
377 silly placeDep ROOT file-entry-cache@11.1.5 OK for: eslint@10.11.0 want: 11.1.5 || >11.1.6 <12
378 silly placeDep ROOT find-up@5.0.0 OK for: eslint@10.11.0 want: ^5.0.0
379 silly placeDep ROOT glob-parent@6.0.2 OK for: eslint@10.11.0 want: ^6.0.2
380 silly placeDep ROOT ignore@5.3.2 OK for: eslint@10.11.0 want: ^5.2.0
381 silly placeDep ROOT imurmurhash@0.1.4 OK for: eslint@10.11.0 want: ^0.1.4
382 silly placeDep ROOT is-glob@4.0.3 OK for: eslint@10.11.0 want: ^4.0.0
383 silly placeDep ROOT json-stable-stringify-without-jsonify@1.0.1 OK for: eslint@10.11.0 want: ^1.0.1
384 silly placeDep ROOT minimatch@10.2.6 OK for: eslint@10.11.0 want: ^10.2.5
385 silly placeDep ROOT natural-compare@1.4.0 OK for: eslint@10.11.0 want: ^1.4.0
386 silly placeDep ROOT optionator@0.9.4 OK for: eslint@10.11.0 want: ^0.9.3
387 silly fetch manifest eslint-visitor-keys@^3.4.3
388 silly packumentCache full:https://registry.npmjs.org/eslint-visitor-keys cache-miss
389 silly fetch manifest @eslint/object-schema@^3.0.5
390 silly packumentCache full:https://registry.npmjs.org/@eslint%2fobject-schema cache-miss
391 silly fetch manifest debug@^4.3.1
392 silly packumentCache full:https://registry.npmjs.org/debug cache-miss
393 silly fetch manifest minimatch@^10.2.4
394 silly packumentCache full:https://registry.npmjs.org/minimatch cache-miss
395 silly fetch manifest @types/json-schema@^7.0.15
396 silly packumentCache full:https://registry.npmjs.org/@types%2fjson-schema cache-miss
397 silly fetch manifest levn@^0.4.1
398 silly packumentCache full:https://registry.npmjs.org/levn cache-miss
399 silly fetch manifest @humanfs/core@^0.19.2
400 silly packumentCache full:https://registry.npmjs.org/@humanfs%2fcore cache-miss
401 silly fetch manifest @humanfs/types@^0.15.0
402 silly packumentCache full:https://registry.npmjs.org/@humanfs%2ftypes cache-miss
403 silly fetch manifest @humanwhocodes/retry@^0.4.0
404 silly packumentCache full:https://registry.npmjs.org/@humanwhocodes%2fretry cache-miss
405 silly fetch manifest uri-js@^4.2.2
406 silly packumentCache full:https://registry.npmjs.org/uri-js cache-miss
407 silly fetch manifest fast-deep-equal@^3.1.1
408 silly packumentCache full:https://registry.npmjs.org/fast-deep-equal cache-miss
409 http cache https://registry.npmjs.org/minimatch 11ms (cache hit)
410 silly packumentCache full:https://registry.npmjs.org/minimatch set size:377924 disposed:false
411 silly fetch manifest json-schema-traverse@^0.4.1
412 silly packumentCache full:https://registry.npmjs.org/json-schema-traverse cache-miss
413 http cache https://registry.npmjs.org/eslint-visitor-keys 14ms (cache hit)
414 silly packumentCache full:https://registry.npmjs.org/eslint-visitor-keys set size:69949 disposed:false
415 silly fetch manifest fast-json-stable-stringify@^2.0.0
416 silly packumentCache full:https://registry.npmjs.org/fast-json-stable-stringify cache-miss
417 http cache https://registry.npmjs.org/fast-deep-equal 13ms (cache hit)
418 silly packumentCache full:https://registry.npmjs.org/fast-deep-equal set size:48634 disposed:false
419 silly fetch manifest which@^2.0.1
420 silly packumentCache full:https://registry.npmjs.org/which cache-miss
421 http cache https://registry.npmjs.org/@humanwhocodes%2fretry 15ms (cache hit)
422 silly packumentCache full:https://registry.npmjs.org/@humanwhocodes%2fretry set size:42348 disposed:false
423 silly fetch manifest path-key@^3.1.0
424 silly packumentCache full:https://registry.npmjs.org/path-key cache-miss
425 http cache https://registry.npmjs.org/debug 17ms (cache hit)
426 silly packumentCache full:https://registry.npmjs.org/debug set size:195840 disposed:false
427 silly fetch manifest shebang-command@^2.0.0
428 silly packumentCache full:https://registry.npmjs.org/shebang-command cache-miss
429 http fetch GET 200 https://registry.npmjs.org/@humanfs%2ftypes 357ms (cache miss)
430 silly packumentCache full:https://registry.npmjs.org/@humanfs%2ftypes set size:undefined disposed:false
431 silly fetch manifest ms@^2.1.3
432 silly packumentCache full:https://registry.npmjs.org/ms cache-miss
433 http fetch GET 200 https://registry.npmjs.org/shebang-command 343ms (cache miss)
434 silly packumentCache full:https://registry.npmjs.org/shebang-command set size:undefined disposed:false
435 silly fetch manifest @types/esrecurse@^4.3.1
436 silly packumentCache full:https://registry.npmjs.org/@types%2fesrecurse cache-miss
437 http fetch GET 200 https://registry.npmjs.org/@types%2fjson-schema 373ms (cache miss)
438 silly packumentCache full:https://registry.npmjs.org/@types%2fjson-schema set size:undefined disposed:false
439 silly fetch manifest esrecurse@^4.3.0
440 silly packumentCache full:https://registry.npmjs.org/esrecurse cache-miss
441 http fetch GET 200 https://registry.npmjs.org/levn 374ms (cache miss)
442 silly packumentCache full:https://registry.npmjs.org/levn set size:undefined disposed:false
443 silly fetch manifest estraverse@^5.2.0
444 silly packumentCache full:https://registry.npmjs.org/estraverse cache-miss
445 http fetch GET 200 https://registry.npmjs.org/@eslint%2fobject-schema 378ms (cache miss)
446 silly packumentCache full:https://registry.npmjs.org/@eslint%2fobject-schema set size:undefined disposed:false
447 silly fetch manifest acorn@^8.16.0
448 silly packumentCache full:https://registry.npmjs.org/acorn cache-miss
449 http fetch GET 200 https://registry.npmjs.org/json-schema-traverse 369ms (cache miss)
450 silly packumentCache full:https://registry.npmjs.org/json-schema-traverse set size:undefined disposed:false
451 silly fetch manifest acorn-jsx@^5.3.2
452 silly packumentCache full:https://registry.npmjs.org/acorn-jsx cache-miss
453 http fetch GET 200 https://registry.npmjs.org/which 368ms (cache miss)
454 silly packumentCache full:https://registry.npmjs.org/which set size:undefined disposed:false
455 silly fetch manifest estraverse@^5.1.0
456 silly packumentCache full:https://registry.npmjs.org/estraverse cache-miss
457 http fetch GET 200 https://registry.npmjs.org/@humanfs%2fcore 388ms (cache miss)
458 silly packumentCache full:https://registry.npmjs.org/@humanfs%2fcore set size:undefined disposed:false
459 silly fetch manifest flat-cache@^6.1.23
460 silly packumentCache full:https://registry.npmjs.org/flat-cache cache-miss
461 http fetch GET 200 https://registry.npmjs.org/uri-js 395ms (cache miss)
462 silly packumentCache full:https://registry.npmjs.org/uri-js set size:undefined disposed:false
463 silly fetch manifest locate-path@^6.0.0
464 silly packumentCache full:https://registry.npmjs.org/locate-path cache-miss
465 http fetch GET 200 https://registry.npmjs.org/path-key 384ms (cache miss)
466 silly packumentCache full:https://registry.npmjs.org/path-key set size:undefined disposed:false
467 silly fetch manifest path-exists@^4.0.0
468 silly packumentCache full:https://registry.npmjs.org/path-exists cache-miss
469 http fetch GET 200 https://registry.npmjs.org/fast-json-stable-stringify 389ms (cache miss)
470 silly packumentCache full:https://registry.npmjs.org/fast-json-stable-stringify set size:undefined disposed:false
471 silly fetch manifest is-glob@^4.0.3
472 silly packumentCache full:https://registry.npmjs.org/is-glob cache-miss
473 http cache https://registry.npmjs.org/is-glob 1ms (cache hit)
474 silly packumentCache full:https://registry.npmjs.org/is-glob set size:40530 disposed:false
475 silly fetch manifest is-extglob@^2.1.1
476 silly packumentCache full:https://registry.npmjs.org/is-extglob cache-miss
477 http fetch GET 200 https://registry.npmjs.org/@types%2fesrecurse 376ms (cache miss)
478 silly packumentCache full:https://registry.npmjs.org/@types%2fesrecurse set size:undefined disposed:false
479 silly fetch manifest brace-expansion@^5.0.8
480 silly packumentCache full:https://registry.npmjs.org/brace-expansion cache-miss
481 http fetch GET 200 https://registry.npmjs.org/ms 383ms (cache miss)
482 silly packumentCache full:https://registry.npmjs.org/ms set size:undefined disposed:false
483 silly fetch manifest prelude-ls@^1.2.1
484 silly packumentCache full:https://registry.npmjs.org/prelude-ls cache-miss
485 http fetch GET 200 https://registry.npmjs.org/esrecurse 371ms (cache miss)
486 silly packumentCache full:https://registry.npmjs.org/esrecurse set size:undefined disposed:false
487 silly fetch manifest deep-is@^0.1.3
488 silly packumentCache full:https://registry.npmjs.org/deep-is cache-miss
489 http fetch GET 200 https://registry.npmjs.org/acorn-jsx 408ms (cache miss)
490 silly packumentCache full:https://registry.npmjs.org/acorn-jsx set size:undefined disposed:false
491 silly fetch manifest word-wrap@^1.2.5
492 silly packumentCache full:https://registry.npmjs.org/word-wrap cache-miss
493 http fetch GET 200 https://registry.npmjs.org/estraverse 408ms (cache miss)
494 silly packumentCache full:https://registry.npmjs.org/estraverse set size:undefined disposed:false
495 silly fetch manifest type-check@^0.4.0
496 silly packumentCache full:https://registry.npmjs.org/type-check cache-miss
497 http fetch GET 200 https://registry.npmjs.org/path-exists 393ms (cache miss)
498 silly packumentCache full:https://registry.npmjs.org/path-exists set size:undefined disposed:false
499 silly fetch manifest fast-levenshtein@^2.0.6
500 silly packumentCache full:https://registry.npmjs.org/fast-levenshtein cache-miss
501 http fetch GET 200 https://registry.npmjs.org/estraverse 427ms (cache miss)
502 silly packumentCache full:https://registry.npmjs.org/estraverse set size:undefined disposed:false
503 http fetch GET 200 https://registry.npmjs.org/locate-path 407ms (cache miss)
504 silly packumentCache full:https://registry.npmjs.org/locate-path set size:undefined disposed:false
505 http fetch GET 200 https://registry.npmjs.org/is-extglob 398ms (cache miss)
506 silly packumentCache full:https://registry.npmjs.org/is-extglob set size:undefined disposed:false
507 http fetch GET 200 https://registry.npmjs.org/flat-cache 419ms (cache miss)
508 silly packumentCache full:https://registry.npmjs.org/flat-cache set size:undefined disposed:false
509 http fetch GET 200 https://registry.npmjs.org/acorn 495ms (cache miss)
510 silly packumentCache full:https://registry.npmjs.org/acorn set size:undefined disposed:false
511 http fetch GET 200 https://registry.npmjs.org/brace-expansion 335ms (cache miss)
512 silly packumentCache full:https://registry.npmjs.org/brace-expansion set size:undefined disposed:false
513 http fetch GET 200 https://registry.npmjs.org/prelude-ls 346ms (cache miss)
514 silly packumentCache full:https://registry.npmjs.org/prelude-ls set size:undefined disposed:false
515 http fetch GET 200 https://registry.npmjs.org/deep-is 380ms (cache miss)
516 silly packumentCache full:https://registry.npmjs.org/deep-is set size:undefined disposed:false
517 http fetch GET 200 https://registry.npmjs.org/word-wrap 369ms (cache miss)
518 silly packumentCache full:https://registry.npmjs.org/word-wrap set size:undefined disposed:false
519 http fetch GET 200 https://registry.npmjs.org/type-check 368ms (cache miss)
520 silly packumentCache full:https://registry.npmjs.org/type-check set size:undefined disposed:false
521 http fetch GET 200 https://registry.npmjs.org/fast-levenshtein 396ms (cache miss)
522 silly packumentCache full:https://registry.npmjs.org/fast-levenshtein set size:undefined disposed:false
523 silly placeDep node_modules/@eslint-community/eslint-utils eslint-visitor-keys@3.4.3 OK for: @eslint-community/eslint-utils@4.10.1 want: ^3.4.3
524 silly placeDep ROOT @eslint/object-schema@3.0.5 OK for: @eslint/config-array@0.23.5 want: ^3.0.5
525 silly placeDep ROOT @types/json-schema@7.0.15 OK for: @eslint/core@1.2.1 want: ^7.0.15
526 silly placeDep ROOT levn@0.4.1 OK for: @eslint/plugin-kit@0.7.3 want: ^0.4.1
527 silly fetch manifest type-check@~0.4.0
528 silly packumentCache full:https://registry.npmjs.org/type-check cache-miss
529 http cache https://registry.npmjs.org/type-check 2ms (cache hit)
530 silly packumentCache full:https://registry.npmjs.org/type-check set size:21221 disposed:false
531 silly placeDep ROOT @humanfs/core@0.19.2 OK for: @humanfs/node@0.16.8 want: ^0.19.2
532 silly placeDep ROOT @humanfs/types@0.15.0 OK for: @humanfs/node@0.16.8 want: ^0.15.0
533 silly placeDep ROOT fast-json-stable-stringify@2.1.0 OK for: ajv@6.15.0 want: ^2.0.0
534 silly placeDep ROOT json-schema-traverse@0.4.1 OK for: ajv@6.15.0 want: ^0.4.1
535 silly placeDep ROOT uri-js@4.4.1 OK for: ajv@6.15.0 want: ^4.2.2
536 silly fetch manifest punycode@^2.1.0
537 silly packumentCache full:https://registry.npmjs.org/punycode cache-miss
538 http fetch GET 200 https://registry.npmjs.org/punycode 406ms (cache miss)
539 silly packumentCache full:https://registry.npmjs.org/punycode set size:undefined disposed:false
540 silly placeDep ROOT path-key@3.1.1 OK for: cross-spawn@7.0.6 want: ^3.1.0
541 silly placeDep ROOT shebang-command@2.0.0 OK for: cross-spawn@7.0.6 want: ^2.0.0
542 silly placeDep ROOT which@2.0.2 OK for: cross-spawn@7.0.6 want: ^2.0.1
543 silly fetch manifest shebang-regex@^3.0.0
544 silly packumentCache full:https://registry.npmjs.org/shebang-regex cache-miss
545 silly fetch manifest isexe@^2.0.0
546 silly packumentCache full:https://registry.npmjs.org/isexe cache-miss
547 http fetch GET 200 https://registry.npmjs.org/isexe 360ms (cache miss)
548 silly packumentCache full:https://registry.npmjs.org/isexe set size:undefined disposed:false
549 http fetch GET 200 https://registry.npmjs.org/shebang-regex 392ms (cache miss)
550 silly packumentCache full:https://registry.npmjs.org/shebang-regex set size:undefined disposed:false
551 silly placeDep ROOT ms@2.1.3 OK for: debug@4.4.3 want: ^2.1.3
552 silly fetch manifest eslint@>=9.0.0
553 silly packumentCache full:https://registry.npmjs.org/eslint cache-miss
554 http cache https://registry.npmjs.org/eslint 4ms (cache hit)
555 silly packumentCache full:https://registry.npmjs.org/eslint set size:2085131 disposed:false
556 silly fetch manifest typescript@>=3.3.1
557 silly packumentCache full:https://registry.npmjs.org/typescript cache-miss
558 http cache https://registry.npmjs.org/typescript 32ms (cache hit)
559 silly packumentCache full:https://registry.npmjs.org/typescript set size:15740010 disposed:false
560 silly fetch manifest typescript@>=4.8.4 <6.1.0
561 silly packumentCache full:https://registry.npmjs.org/typescript cache-miss
562 http cache https://registry.npmjs.org/typescript 16ms (cache hit)
563 silly packumentCache full:https://registry.npmjs.org/typescript set size:15740010 disposed:false
564 silly fetch manifest eslint@^3 || ^4 || ^5 || ^6 || ^7 || ^8 || ^9.7
565 silly packumentCache full:https://registry.npmjs.org/eslint cache-miss
566 http cache https://registry.npmjs.org/eslint 3ms (cache hit)
567 silly packumentCache full:https://registry.npmjs.org/eslint set size:2085131 disposed:false
568 silly fetch manifest eslint@^2 || ^3 || ^4 || ^5 || ^6 || ^7.2.0 || ^8 || ^9
569 silly packumentCache full:https://registry.npmjs.org/eslint cache-miss
570 http cache https://registry.npmjs.org/eslint 3ms (cache hit)
571 silly packumentCache full:https://registry.npmjs.org/eslint set size:2085131 disposed:false
572 silly fetch manifest eslint@^3 || ^4 || ^5 || ^6 || ^7 || ^8 || ^9
573 silly packumentCache full:https://registry.npmjs.org/eslint cache-miss
574 http cache https://registry.npmjs.org/eslint 3ms (cache hit)
575 silly packumentCache full:https://registry.npmjs.org/eslint set size:2085131 disposed:false
576 silly fetch manifest eslint-plugin-import-x@*
577 silly packumentCache full:https://registry.npmjs.org/eslint-plugin-import-x cache-miss
578 http fetch GET 200 https://registry.npmjs.org/eslint-plugin-import-x 452ms (cache miss)
579 silly packumentCache full:https://registry.npmjs.org/eslint-plugin-import-x set size:undefined disposed:false
580 silly fetch manifest @typescript-eslint/utils@^8.56.0
581 silly packumentCache full:https://registry.npmjs.org/@typescript-eslint%2futils cache-miss
582 http fetch GET 200 https://registry.npmjs.org/@typescript-eslint%2futils 1692ms (cache miss)
583 silly packumentCache full:https://registry.npmjs.org/@typescript-eslint%2futils set size:undefined disposed:false
584 silly placeDep ROOT @next/eslint-plugin-next@16.3.8 OK for: eslint-config-next@16.3.8 want: 16.3.8
585 silly placeDep ROOT eslint-import-resolver-node@0.3.10 OK for: eslint-config-next@16.3.8 want: ^0.3.6
586 silly placeDep ROOT eslint-import-resolver-typescript@3.10.1 OK for: eslint-config-next@16.3.8 want: ^3.5.2
587 silly placeDep ROOT eslint-plugin-import@2.32.0 OK for: eslint-config-next@16.3.8 want: ^2.32.0
588 silly placeDep ROOT eslint@9.39.5 REPLACE for: eslint-plugin-import@2.32.0 want: ^2 || ^3 || ^4 || ^5 || ^6 || ^7.2.0 || ^8 || ^9
589 silly placeDep ROOT eslint-plugin-jsx-a11y@6.10.2 OK for: eslint-config-next@16.3.8 want: ^6.10.0
590 silly placeDep ROOT eslint-plugin-react@7.37.5 OK for: eslint-config-next@16.3.8 want: ^7.37.0
591 silly placeDep ROOT eslint-plugin-react-hooks@7.1.1 OK for: eslint-config-next@16.3.8 want: ^7.0.0
592 silly placeDep ROOT globals@16.4.0 OK for: eslint-config-next@16.3.8 want: 16.4.0
593 silly placeDep ROOT typescript-eslint@8.71.0 OK for: eslint-config-next@16.3.8 want: ^8.46.0
594 silly placeDep ROOT typescript@6.0.3 REPLACE for: typescript-eslint@8.71.0 want: >=4.8.4 <6.1.0
595 silly fetch manifest fast-glob@3.3.1
596 silly packumentCache full:https://registry.npmjs.org/fast-glob cache-miss
597 silly fetch manifest @eslint-community/eslint-utils@4.9.1
598 silly packumentCache full:https://registry.npmjs.org/@eslint-community%2feslint-utils cache-miss
599 silly fetch manifest debug@^3.2.7
600 silly packumentCache full:https://registry.npmjs.org/debug cache-hit
601 silly fetch manifest resolve@^2.0.0-next.6
602 silly packumentCache full:https://registry.npmjs.org/resolve cache-miss
603 silly fetch manifest is-core-module@^2.16.1
604 silly packumentCache full:https://registry.npmjs.org/is-core-module cache-miss
605 silly fetch manifest tinyglobby@^0.2.13
606 silly packumentCache full:https://registry.npmjs.org/tinyglobby cache-miss
607 silly fetch manifest stable-hash@^0.0.5
608 silly packumentCache full:https://registry.npmjs.org/stable-hash cache-miss
609 silly fetch manifest get-tsconfig@^4.10.0
610 silly packumentCache full:https://registry.npmjs.org/get-tsconfig cache-miss
611 silly fetch manifest is-bun-module@^2.0.0
612 silly packumentCache full:https://registry.npmjs.org/is-bun-module cache-miss
613 silly fetch manifest unrs-resolver@^1.6.2
614 silly packumentCache full:https://registry.npmjs.org/unrs-resolver cache-miss
615 silly fetch manifest @nolyfill/is-core-module@1.0.39
616 silly packumentCache full:https://registry.npmjs.org/@nolyfill%2fis-core-module cache-miss
617 silly fetch manifest @rtsao/scc@^1.1.0
618 silly packumentCache full:https://registry.npmjs.org/@rtsao%2fscc cache-miss
619 http cache https://registry.npmjs.org/@eslint-community%2feslint-utils 9ms (cache hit)
620 silly packumentCache full:https://registry.npmjs.org/@eslint-community%2feslint-utils set size:108339 disposed:false
621 silly fetch manifest array-includes@^3.1.9
622 silly packumentCache full:https://registry.npmjs.org/array-includes cache-miss
623 http fetch GET 200 https://registry.npmjs.org/fast-glob 344ms (cache miss)
624 silly packumentCache full:https://registry.npmjs.org/fast-glob set size:undefined disposed:false
625 silly fetch manifest array.prototype.findlastindex@^1.2.6
626 silly packumentCache full:https://registry.npmjs.org/array.prototype.findlastindex cache-miss
627 http fetch GET 200 https://registry.npmjs.org/resolve 353ms (cache miss)
628 silly packumentCache full:https://registry.npmjs.org/resolve set size:undefined disposed:false
629 silly fetch manifest array.prototype.flat@^1.3.3
630 silly packumentCache full:https://registry.npmjs.org/array.prototype.flat cache-miss
631 http fetch GET 200 https://registry.npmjs.org/array-includes 375ms (cache miss)
632 silly packumentCache full:https://registry.npmjs.org/array-includes set size:undefined disposed:false
633 silly fetch manifest array.prototype.flatmap@^1.3.3
634 silly packumentCache full:https://registry.npmjs.org/array.prototype.flatmap cache-miss
635 http fetch GET 200 https://registry.npmjs.org/is-core-module 389ms (cache miss)
636 silly packumentCache full:https://registry.npmjs.org/is-core-module set size:undefined disposed:false
637 silly fetch manifest doctrine@^2.1.0
638 silly packumentCache full:https://registry.npmjs.org/doctrine cache-miss
639 http fetch GET 200 https://registry.npmjs.org/stable-hash 395ms (cache miss)
640 silly packumentCache full:https://registry.npmjs.org/stable-hash set size:undefined disposed:false
641 silly fetch manifest eslint-module-utils@^2.12.1
642 silly packumentCache full:https://registry.npmjs.org/eslint-module-utils cache-miss
643 http fetch GET 200 https://registry.npmjs.org/tinyglobby 398ms (cache miss)
644 silly packumentCache full:https://registry.npmjs.org/tinyglobby set size:undefined disposed:false
645 silly fetch manifest hasown@^2.0.2
646 silly packumentCache full:https://registry.npmjs.org/hasown cache-miss
647 http fetch GET 200 https://registry.npmjs.org/unrs-resolver 400ms (cache miss)
648 silly packumentCache full:https://registry.npmjs.org/unrs-resolver set size:undefined disposed:false
649 silly fetch manifest minimatch@^3.1.2
650 silly packumentCache full:https://registry.npmjs.org/minimatch cache-hit
651 silly fetch manifest object.fromentries@^2.0.8
652 silly packumentCache full:https://registry.npmjs.org/object.fromentries cache-miss
653 http fetch GET 200 https://registry.npmjs.org/is-bun-module 404ms (cache miss)
654 silly packumentCache full:https://registry.npmjs.org/is-bun-module set size:undefined disposed:false
655 silly fetch manifest object.groupby@^1.0.3
656 silly packumentCache full:https://registry.npmjs.org/object.groupby cache-miss
657 http fetch GET 200 https://registry.npmjs.org/get-tsconfig 406ms (cache miss)
658 silly packumentCache full:https://registry.npmjs.org/get-tsconfig set size:undefined disposed:false
659 silly fetch manifest object.values@^1.2.1
660 silly packumentCache full:https://registry.npmjs.org/object.values cache-miss
661 http fetch GET 200 https://registry.npmjs.org/@rtsao%2fscc 413ms (cache miss)
662 silly packumentCache full:https://registry.npmjs.org/@rtsao%2fscc set size:undefined disposed:false
663 silly fetch manifest semver@^6.3.1
664 silly packumentCache full:https://registry.npmjs.org/semver cache-miss
665 http fetch GET 200 https://registry.npmjs.org/@nolyfill%2fis-core-module 417ms (cache miss)
666 silly packumentCache full:https://registry.npmjs.org/@nolyfill%2fis-core-module set size:undefined disposed:false
667 silly fetch manifest string.prototype.trimend@^1.0.9
668 silly packumentCache full:https://registry.npmjs.org/string.prototype.trimend cache-miss
669 http fetch GET 200 https://registry.npmjs.org/array.prototype.findlastindex 343ms (cache miss)
670 silly packumentCache full:https://registry.npmjs.org/array.prototype.findlastindex set size:undefined disposed:false
671 silly fetch manifest tsconfig-paths@^3.15.0
672 silly packumentCache full:https://registry.npmjs.org/tsconfig-paths cache-miss
673 http fetch GET 200 https://registry.npmjs.org/array.prototype.flat 346ms (cache miss)
674 silly packumentCache full:https://registry.npmjs.org/array.prototype.flat set size:undefined disposed:false
675 silly fetch manifest chalk@^4.0.0
676 silly packumentCache full:https://registry.npmjs.org/chalk cache-miss
677 http fetch GET 200 https://registry.npmjs.org/hasown 372ms (cache miss)
678 silly packumentCache full:https://registry.npmjs.org/hasown set size:undefined disposed:false
679 silly fetch manifest espree@^10.4.0
680 silly packumentCache full:https://registry.npmjs.org/espree cache-miss
681 http fetch GET 200 https://registry.npmjs.org/eslint-module-utils 377ms (cache miss)
682 silly packumentCache full:https://registry.npmjs.org/eslint-module-utils set size:undefined disposed:false
683 silly fetch manifest minimatch@^3.1.5
684 silly packumentCache full:https://registry.npmjs.org/minimatch cache-hit
685 silly fetch manifest @eslint/js@9.39.5
686 silly packumentCache full:https://registry.npmjs.org/@eslint%2fjs cache-miss
687 http fetch GET 200 https://registry.npmjs.org/object.values 369ms (cache miss)
688 silly packumentCache full:https://registry.npmjs.org/object.values set size:undefined disposed:false
689 silly fetch manifest @eslint/core@^0.17.0
690 silly packumentCache full:https://registry.npmjs.org/@eslint%2fcore cache-miss
691 http fetch GET 200 https://registry.npmjs.org/array.prototype.flatmap 391ms (cache miss)
692 silly packumentCache full:https://registry.npmjs.org/array.prototype.flatmap set size:undefined disposed:false
693 silly fetch manifest eslint-scope@^8.4.0
694 silly packumentCache full:https://registry.npmjs.org/eslint-scope cache-miss
695 http fetch GET 200 https://registry.npmjs.org/doctrine 387ms (cache miss)
696 silly packumentCache full:https://registry.npmjs.org/doctrine set size:undefined disposed:false
697 silly fetch manifest lodash.merge@^4.6.2
698 silly packumentCache full:https://registry.npmjs.org/lodash.merge cache-miss
699 http cache https://registry.npmjs.org/espree 10ms (cache hit)
700 silly packumentCache full:https://registry.npmjs.org/espree set size:326080 disposed:false
701 silly fetch manifest @eslint/eslintrc@^3.3.6
702 silly packumentCache full:https://registry.npmjs.org/@eslint%2feslintrc cache-miss
703 http cache https://registry.npmjs.org/eslint-scope 9ms (cache hit)
704 silly packumentCache full:https://registry.npmjs.org/eslint-scope set size:98867 disposed:false
705 silly fetch manifest file-entry-cache@^8.0.0
706 silly packumentCache full:https://registry.npmjs.org/file-entry-cache cache-miss
707 http cache https://registry.npmjs.org/@eslint%2fcore 11ms (cache hit)
708 silly packumentCache full:https://registry.npmjs.org/@eslint%2fcore set size:58023 disposed:false
709 silly fetch manifest @eslint/plugin-kit@^0.4.1
710 silly packumentCache full:https://registry.npmjs.org/@eslint%2fplugin-kit cache-miss
711 http cache https://registry.npmjs.org/file-entry-cache 2ms (cache hit)
712 silly packumentCache full:https://registry.npmjs.org/file-entry-cache set size:127681 disposed:false
713 silly fetch manifest eslint-visitor-keys@^4.2.1
714 silly packumentCache full:https://registry.npmjs.org/eslint-visitor-keys cache-hit
715 silly fetch manifest @eslint/config-array@^0.21.2
716 silly packumentCache full:https://registry.npmjs.org/@eslint%2fconfig-array cache-miss
717 http cache https://registry.npmjs.org/@eslint%2fplugin-kit 3ms (cache hit)
718 silly packumentCache full:https://registry.npmjs.org/@eslint%2fplugin-kit set size:79166 disposed:false
719 silly fetch manifest @eslint/config-helpers@^0.4.2
720 silly packumentCache full:https://registry.npmjs.org/@eslint%2fconfig-helpers cache-miss
721 http fetch GET 200 https://registry.npmjs.org/object.groupby 391ms (cache miss)
722 silly packumentCache full:https://registry.npmjs.org/object.groupby set size:undefined disposed:false
723 silly fetch manifest aria-query@^5.3.2
724 silly packumentCache full:https://registry.npmjs.org/aria-query cache-miss
725 http cache https://registry.npmjs.org/@eslint%2fconfig-array 4ms (cache hit)
726 silly packumentCache full:https://registry.npmjs.org/@eslint%2fconfig-array set size:74140 disposed:false
727 silly fetch manifest array-includes@^3.1.8
728 silly packumentCache full:https://registry.npmjs.org/array-includes cache-miss
729 http cache https://registry.npmjs.org/@eslint%2fconfig-helpers 4ms (cache hit)
730 silly packumentCache full:https://registry.npmjs.org/@eslint%2fconfig-helpers set size:55216 disposed:false
731 silly fetch manifest array.prototype.flatmap@^1.3.2
732 silly packumentCache full:https://registry.npmjs.org/array.prototype.flatmap cache-miss
733 http fetch GET 200 https://registry.npmjs.org/object.fromentries 395ms (cache miss)
734 silly packumentCache full:https://registry.npmjs.org/object.fromentries set size:undefined disposed:false
735 silly fetch manifest ast-types-flow@^0.0.8
736 silly packumentCache full:https://registry.npmjs.org/ast-types-flow cache-miss
737 http cache https://registry.npmjs.org/array-includes 3ms (cache hit)
738 silly packumentCache full:https://registry.npmjs.org/array-includes set size:80888 disposed:false
739 silly fetch manifest axe-core@^4.10.0
740 silly packumentCache full:https://registry.npmjs.org/axe-core cache-miss
741 http cache https://registry.npmjs.org/array.prototype.flatmap 3ms (cache hit)
742 silly packumentCache full:https://registry.npmjs.org/array.prototype.flatmap set size:51458 disposed:false
743 silly fetch manifest axobject-query@^4.1.0
744 silly packumentCache full:https://registry.npmjs.org/axobject-query cache-miss
745 http fetch GET 200 https://registry.npmjs.org/string.prototype.trimend 388ms (cache miss)
746 silly packumentCache full:https://registry.npmjs.org/string.prototype.trimend set size:undefined disposed:false
747 silly fetch manifest damerau-levenshtein@^1.0.8
748 silly packumentCache full:https://registry.npmjs.org/damerau-levenshtein cache-miss
749 http fetch GET 200 https://registry.npmjs.org/semver 478ms (cache miss)
750 silly packumentCache full:https://registry.npmjs.org/semver set size:undefined disposed:false
751 silly fetch manifest emoji-regex@^9.2.2
752 silly packumentCache full:https://registry.npmjs.org/emoji-regex cache-miss
753 http fetch GET 200 https://registry.npmjs.org/tsconfig-paths 377ms (cache miss)
754 silly packumentCache full:https://registry.npmjs.org/tsconfig-paths set size:undefined disposed:false
755 silly fetch manifest jsx-ast-utils@^3.3.5
756 silly packumentCache full:https://registry.npmjs.org/jsx-ast-utils cache-miss
757 http fetch GET 200 https://registry.npmjs.org/chalk 381ms (cache miss)
758 silly packumentCache full:https://registry.npmjs.org/chalk set size:undefined disposed:false
759 silly fetch manifest language-tags@^1.0.9
760 silly packumentCache full:https://registry.npmjs.org/language-tags cache-miss
761 http fetch GET 200 https://registry.npmjs.org/aria-query 359ms (cache miss)
762 silly packumentCache full:https://registry.npmjs.org/aria-query set size:undefined disposed:false
763 silly fetch manifest safe-regex-test@^1.0.3
764 silly packumentCache full:https://registry.npmjs.org/safe-regex-test cache-miss
765 http fetch GET 200 https://registry.npmjs.org/@eslint%2fjs 393ms (cache miss)
766 silly packumentCache full:https://registry.npmjs.org/@eslint%2fjs set size:undefined disposed:false
767 silly fetch manifest string.prototype.includes@^2.0.1
768 silly packumentCache full:https://registry.npmjs.org/string.prototype.includes cache-miss
769 http fetch GET 200 https://registry.npmjs.org/ast-types-flow 373ms (cache miss)
770 silly packumentCache full:https://registry.npmjs.org/ast-types-flow set size:undefined disposed:false
771 silly fetch manifest array.prototype.findlast@^1.2.5
772 silly packumentCache full:https://registry.npmjs.org/array.prototype.findlast cache-miss
773 http fetch GET 200 https://registry.npmjs.org/lodash.merge 391ms (cache miss)
774 silly packumentCache full:https://registry.npmjs.org/lodash.merge set size:undefined disposed:false
775 silly fetch manifest array.prototype.tosorted@^1.1.4
776 silly packumentCache full:https://registry.npmjs.org/array.prototype.tosorted cache-miss
777 http fetch GET 200 https://registry.npmjs.org/axobject-query 394ms (cache miss)
778 silly packumentCache full:https://registry.npmjs.org/axobject-query set size:undefined disposed:false
779 silly fetch manifest es-iterator-helpers@^1.2.1
780 silly packumentCache full:https://registry.npmjs.org/es-iterator-helpers cache-miss
781 http fetch GET 200 https://registry.npmjs.org/@eslint%2feslintrc 424ms (cache miss)
782 silly packumentCache full:https://registry.npmjs.org/@eslint%2feslintrc set size:undefined disposed:false
783 silly fetch manifest estraverse@^5.3.0
784 silly packumentCache full:https://registry.npmjs.org/estraverse cache-miss
785 http cache https://registry.npmjs.org/estraverse 1ms (cache hit)
786 silly packumentCache full:https://registry.npmjs.org/estraverse set size:62412 disposed:false
787 silly fetch manifest jsx-ast-utils@^2.4.1 || ^3.0.0
788 silly packumentCache full:https://registry.npmjs.org/jsx-ast-utils cache-miss
789 http fetch GET 200 https://registry.npmjs.org/damerau-levenshtein 408ms (cache miss)
790 silly packumentCache full:https://registry.npmjs.org/damerau-levenshtein set size:undefined disposed:false
791 silly fetch manifest object.entries@^1.1.9
792 silly packumentCache full:https://registry.npmjs.org/object.entries cache-miss
793 http fetch GET 200 https://registry.npmjs.org/emoji-regex 431ms (cache miss)
794 silly packumentCache full:https://registry.npmjs.org/emoji-regex set size:undefined disposed:false
795 silly fetch manifest prop-types@^15.8.1
796 silly packumentCache full:https://registry.npmjs.org/prop-types cache-miss
797 http fetch GET 200 https://registry.npmjs.org/jsx-ast-utils 368ms (cache miss)
798 silly packumentCache full:https://registry.npmjs.org/jsx-ast-utils set size:undefined disposed:false
799 silly fetch manifest resolve@^2.0.0-next.5
800 silly packumentCache full:https://registry.npmjs.org/resolve cache-miss
801 http cache https://registry.npmjs.org/resolve 2ms (cache hit)
802 silly packumentCache full:https://registry.npmjs.org/resolve set size:244568 disposed:false
803 silly fetch manifest string.prototype.matchall@^4.0.12
804 silly packumentCache full:https://registry.npmjs.org/string.prototype.matchall cache-miss
805 http fetch GET 200 https://registry.npmjs.org/language-tags 365ms (cache miss)
806 silly packumentCache full:https://registry.npmjs.org/language-tags set size:undefined disposed:false
807 silly fetch manifest string.prototype.repeat@^1.0.0
808 silly packumentCache full:https://registry.npmjs.org/string.prototype.repeat cache-miss
809 http fetch GET 200 https://registry.npmjs.org/axe-core 677ms (cache miss)
810 silly packumentCache full:https://registry.npmjs.org/axe-core set size:undefined disposed:false
811 silly fetch manifest zod@^3.25.0 || ^4.0.0
812 silly packumentCache full:https://registry.npmjs.org/zod cache-miss
813 http fetch GET 200 https://registry.npmjs.org/string.prototype.includes 349ms (cache miss)
814 silly packumentCache full:https://registry.npmjs.org/string.prototype.includes set size:undefined disposed:false
815 silly fetch manifest @babel/core@^7.24.4
816 silly packumentCache full:https://registry.npmjs.org/@babel%2fcore cache-miss
817 http fetch GET 200 https://registry.npmjs.org/array.prototype.findlast 368ms (cache miss)
818 silly packumentCache full:https://registry.npmjs.org/array.prototype.findlast set size:undefined disposed:false
819 silly fetch manifest @babel/parser@^7.24.4
820 silly packumentCache full:https://registry.npmjs.org/@babel%2fparser cache-miss
821 http fetch GET 200 https://registry.npmjs.org/safe-regex-test 385ms (cache miss)
822 silly packumentCache full:https://registry.npmjs.org/safe-regex-test set size:undefined disposed:false
823 silly fetch manifest hermes-parser@^0.25.1
824 silly packumentCache full:https://registry.npmjs.org/hermes-parser cache-miss
825 http fetch GET 200 https://registry.npmjs.org/array.prototype.tosorted 369ms (cache miss)
826 silly packumentCache full:https://registry.npmjs.org/array.prototype.tosorted set size:undefined disposed:false
827 silly fetch manifest zod-validation-error@^3.5.0 || ^4.0.0
828 silly packumentCache full:https://registry.npmjs.org/zod-validation-error cache-miss
829 http fetch GET 200 https://registry.npmjs.org/jsx-ast-utils 417ms (cache miss)
830 silly packumentCache full:https://registry.npmjs.org/jsx-ast-utils set size:undefined disposed:false
831 silly fetch manifest @typescript-eslint/utils@8.71.0
832 silly packumentCache full:https://registry.npmjs.org/@typescript-eslint%2futils cache-miss
833 http cache https://registry.npmjs.org/@typescript-eslint%2futils 10ms (cache hit)
834 silly packumentCache full:https://registry.npmjs.org/@typescript-eslint%2futils set size:11014153 disposed:false
835 silly fetch manifest @typescript-eslint/parser@8.71.0
836 silly packumentCache full:https://registry.npmjs.org/@typescript-eslint%2fparser cache-miss
837 http fetch GET 200 https://registry.npmjs.org/object.entries 449ms (cache miss)
838 silly packumentCache full:https://registry.npmjs.org/object.entries set size:undefined disposed:false
839 silly fetch manifest @typescript-eslint/eslint-plugin@8.71.0
840 silly packumentCache full:https://registry.npmjs.org/@typescript-eslint%2feslint-plugin cache-miss
841 http fetch GET 200 https://registry.npmjs.org/es-iterator-helpers 470ms (cache miss)
842 silly packumentCache full:https://registry.npmjs.org/es-iterator-helpers set size:undefined disposed:false
843 silly fetch manifest @typescript-eslint/typescript-estree@8.71.0
844 silly packumentCache full:https://registry.npmjs.org/@typescript-eslint%2ftypescript-estree cache-miss
845 http fetch GET 200 https://registry.npmjs.org/prop-types 412ms (cache miss)
846 silly packumentCache full:https://registry.npmjs.org/prop-types set size:undefined disposed:false
847 http fetch GET 200 https://registry.npmjs.org/string.prototype.matchall 330ms (cache miss)
848 silly packumentCache full:https://registry.npmjs.org/string.prototype.matchall set size:undefined disposed:false
849 http fetch GET 200 https://registry.npmjs.org/string.prototype.repeat 330ms (cache miss)
850 silly packumentCache full:https://registry.npmjs.org/string.prototype.repeat set size:undefined disposed:false
851 http fetch GET 200 https://registry.npmjs.org/@babel%2fcore 400ms (cache miss)
852 silly packumentCache full:https://registry.npmjs.org/@babel%2fcore set size:undefined disposed:false
853 http fetch GET 200 https://registry.npmjs.org/hermes-parser 499ms (cache miss)
854 silly packumentCache full:https://registry.npmjs.org/hermes-parser set size:undefined disposed:false
855 http fetch GET 200 https://registry.npmjs.org/zod-validation-error 515ms (cache miss)
856 silly packumentCache full:https://registry.npmjs.org/zod-validation-error set size:undefined disposed:false
857 http fetch GET 200 https://registry.npmjs.org/zod 583ms (cache miss)
858 silly packumentCache full:https://registry.npmjs.org/zod set size:undefined disposed:false
859 http fetch GET 200 https://registry.npmjs.org/@babel%2fparser 679ms (cache miss)
860 silly packumentCache full:https://registry.npmjs.org/@babel%2fparser set size:undefined disposed:false
861 http fetch GET 200 https://registry.npmjs.org/@typescript-eslint%2feslint-plugin 1496ms (cache miss)
862 silly packumentCache full:https://registry.npmjs.org/@typescript-eslint%2feslint-plugin set size:undefined disposed:false
863 http fetch GET 200 https://registry.npmjs.org/@typescript-eslint%2ftypescript-estree 2209ms (cache miss)
864 silly packumentCache full:https://registry.npmjs.org/@typescript-eslint%2ftypescript-estree set size:undefined disposed:false
865 http fetch GET 200 https://registry.npmjs.org/@typescript-eslint%2fparser 2935ms (cache miss)
866 silly packumentCache full:https://registry.npmjs.org/@typescript-eslint%2fparser set size:undefined disposed:false
867 silly placeDep node_modules/@next/eslint-plugin-next @eslint-community/eslint-utils@4.9.1 OK for: @next/eslint-plugin-next@16.3.8 want: 4.9.1
868 silly placeDep ROOT fast-glob@3.3.1 OK for: @next/eslint-plugin-next@16.3.8 want: 3.3.1
869 silly fetch manifest merge2@^1.3.0
870 silly packumentCache full:https://registry.npmjs.org/merge2 cache-miss
871 silly fetch manifest micromatch@^4.0.4
872 silly packumentCache full:https://registry.npmjs.org/micromatch cache-miss
873 silly fetch manifest glob-parent@^5.1.2
874 silly packumentCache full:https://registry.npmjs.org/glob-parent cache-miss
875 silly fetch manifest @nodelib/fs.stat@^2.0.2
876 silly packumentCache full:https://registry.npmjs.org/@nodelib%2ffs.stat cache-miss
877 silly fetch manifest @nodelib/fs.walk@^1.2.3
878 silly packumentCache full:https://registry.npmjs.org/@nodelib%2ffs.walk cache-miss
879 http cache https://registry.npmjs.org/glob-parent 4ms (cache hit)
880 silly packumentCache full:https://registry.npmjs.org/glob-parent set size:42445 disposed:false
881 http fetch GET 200 https://registry.npmjs.org/@nodelib%2ffs.stat 357ms (cache miss)
882 silly packumentCache full:https://registry.npmjs.org/@nodelib%2ffs.stat set size:undefined disposed:false
883 http fetch GET 200 https://registry.npmjs.org/micromatch 368ms (cache miss)
884 silly packumentCache full:https://registry.npmjs.org/micromatch set size:undefined disposed:false
885 http fetch GET 200 https://registry.npmjs.org/@nodelib%2ffs.walk 384ms (cache miss)
886 silly packumentCache full:https://registry.npmjs.org/@nodelib%2ffs.walk set size:undefined disposed:false
887 http fetch GET 200 https://registry.npmjs.org/merge2 393ms (cache miss)
888 silly packumentCache full:https://registry.npmjs.org/merge2 set size:undefined disposed:false
889 silly placeDep ROOT @eslint/config-array@0.21.2 OK for: eslint@9.39.5 want: ^0.21.2
890 silly placeDep ROOT @eslint/config-helpers@0.4.2 OK for: eslint@9.39.5 want: ^0.4.2
891 silly placeDep ROOT @eslint/core@0.17.0 OK for: eslint@9.39.5 want: ^0.17.0
892 silly placeDep ROOT @eslint/eslintrc@3.3.7 OK for: eslint@9.39.5 want: ^3.3.6
893 silly placeDep ROOT @eslint/js@9.39.5 OK for: eslint@9.39.5 want: 9.39.5
894 silly placeDep ROOT @eslint/plugin-kit@0.4.1 OK for: eslint@9.39.5 want: ^0.4.1
895 silly placeDep ROOT @types/estree@1.0.9 OK for: eslint@9.39.5 want: ^1.0.6
896 silly placeDep ROOT chalk@4.1.2 OK for: eslint@9.39.5 want: ^4.0.0
897 silly placeDep ROOT eslint-scope@8.4.0 OK for: eslint@9.39.5 want: ^8.4.0
898 silly placeDep ROOT eslint-visitor-keys@4.2.1 OK for: eslint@9.39.5 want: ^4.2.1
899 silly placeDep ROOT espree@10.4.0 OK for: eslint@9.39.5 want: ^10.4.0
900 silly placeDep ROOT file-entry-cache@8.0.0 OK for: eslint@9.39.5 want: ^8.0.0
901 silly placeDep ROOT lodash.merge@4.6.2 OK for: eslint@9.39.5 want: ^4.6.2
902 silly placeDep ROOT minimatch@3.1.5 OK for: eslint@9.39.5 want: ^3.1.5
903 silly fetch manifest @eslint/object-schema@^2.1.7
904 silly packumentCache full:https://registry.npmjs.org/@eslint%2fobject-schema cache-miss
905 silly fetch manifest espree@^10.0.1
906 silly packumentCache full:https://registry.npmjs.org/espree cache-hit
907 silly fetch manifest globals@^14.0.0
908 silly packumentCache full:https://registry.npmjs.org/globals cache-miss
909 silly fetch manifest js-yaml@^4.3.2
910 silly packumentCache full:https://registry.npmjs.org/js-yaml cache-miss
911 silly fetch manifest import-fresh@^3.2.1
912 silly packumentCache full:https://registry.npmjs.org/import-fresh cache-miss
913 silly fetch manifest strip-json-comments@^3.1.1
914 silly packumentCache full:https://registry.npmjs.org/strip-json-comments cache-miss
915 silly fetch manifest ansi-styles@^4.1.0
916 silly packumentCache full:https://registry.npmjs.org/ansi-styles cache-miss
917 silly fetch manifest supports-color@^7.1.0
918 silly packumentCache full:https://registry.npmjs.org/supports-color cache-miss
919 silly fetch manifest acorn@^8.15.0
920 silly packumentCache full:https://registry.npmjs.org/acorn cache-miss
921 silly fetch manifest flat-cache@^4.0.0
922 silly packumentCache full:https://registry.npmjs.org/flat-cache cache-miss
923 silly fetch manifest brace-expansion@^1.1.7
924 silly packumentCache full:https://registry.npmjs.org/brace-expansion cache-miss
925 http cache https://registry.npmjs.org/@eslint%2fobject-schema 7ms (cache hit)
926 silly packumentCache full:https://registry.npmjs.org/@eslint%2fobject-schema set size:38535 disposed:false
927 http cache https://registry.npmjs.org/flat-cache 5ms (cache hit)
928 silly packumentCache full:https://registry.npmjs.org/flat-cache set size:160097 disposed:false
929 http cache https://registry.npmjs.org/brace-expansion 6ms (cache hit)
930 silly packumentCache full:https://registry.npmjs.org/brace-expansion set size:128514 disposed:false
931 http cache https://registry.npmjs.org/acorn 8ms (cache hit)
932 silly packumentCache full:https://registry.npmjs.org/acorn set size:383439 disposed:false
933 http cache https://registry.npmjs.org/globals 13ms (cache hit)
934 silly packumentCache full:https://registry.npmjs.org/globals set size:342829 disposed:false
935 http fetch GET 200 https://registry.npmjs.org/js-yaml 372ms (cache miss)
936 silly packumentCache full:https://registry.npmjs.org/js-yaml set size:undefined disposed:false
937 http fetch GET 200 https://registry.npmjs.org/import-fresh 381ms (cache miss)
938 silly packumentCache full:https://registry.npmjs.org/import-fresh set size:undefined disposed:false
939 http fetch GET 200 https://registry.npmjs.org/ansi-styles 383ms (cache miss)
940 silly packumentCache full:https://registry.npmjs.org/ansi-styles set size:undefined disposed:false
941 http fetch GET 200 https://registry.npmjs.org/strip-json-comments 395ms (cache miss)
942 silly packumentCache full:https://registry.npmjs.org/strip-json-comments set size:undefined disposed:false
943 http fetch GET 200 https://registry.npmjs.org/supports-color 435ms (cache miss)
944 silly packumentCache full:https://registry.npmjs.org/supports-color set size:undefined disposed:false
945 silly placeDep ROOT @eslint/object-schema@2.1.7 OK for: @eslint/config-array@0.21.2 want: ^2.1.7
946 silly placeDep ROOT @types/json-schema@7.0.15 OK for: @eslint/core@0.17.0 want: ^7.0.15
947 silly placeDep node_modules/@eslint/eslintrc globals@14.0.0 OK for: @eslint/eslintrc@3.3.7 want: ^14.0.0
948 silly placeDep ROOT import-fresh@3.3.1 OK for: @eslint/eslintrc@3.3.7 want: ^3.2.1
949 silly placeDep ROOT js-yaml@4.3.2 OK for: @eslint/eslintrc@3.3.7 want: ^4.3.2
950 silly placeDep ROOT strip-json-comments@3.1.1 OK for: @eslint/eslintrc@3.3.7 want: ^3.1.1
951 silly fetch manifest resolve-from@^4.0.0
952 silly packumentCache full:https://registry.npmjs.org/resolve-from cache-miss
953 silly fetch manifest parent-module@^1.0.0
954 silly packumentCache full:https://registry.npmjs.org/parent-module cache-miss
955 silly fetch manifest argparse@^2.0.1
956 silly packumentCache full:https://registry.npmjs.org/argparse cache-miss
957 http fetch GET 200 https://registry.npmjs.org/argparse 343ms (cache miss)
958 silly packumentCache full:https://registry.npmjs.org/argparse set size:undefined disposed:false
959 http fetch GET 200 https://registry.npmjs.org/parent-module 344ms (cache miss)
960 silly packumentCache full:https://registry.npmjs.org/parent-module set size:undefined disposed:false
961 http fetch GET 200 https://registry.npmjs.org/resolve-from 400ms (cache miss)
962 silly packumentCache full:https://registry.npmjs.org/resolve-from set size:undefined disposed:false
963 silly placeDep ROOT ansi-styles@4.3.0 OK for: chalk@4.1.2 want: ^4.1.0
964 silly placeDep ROOT supports-color@7.2.0 OK for: chalk@4.1.2 want: ^7.1.0
965 silly fetch manifest color-convert@^2.0.1
966 silly packumentCache full:https://registry.npmjs.org/color-convert cache-miss
967 silly fetch manifest has-flag@^4.0.0
968 silly packumentCache full:https://registry.npmjs.org/has-flag cache-miss
969 http fetch GET 200 https://registry.npmjs.org/color-convert 357ms (cache miss)
970 silly packumentCache full:https://registry.npmjs.org/color-convert set size:undefined disposed:false
971 http fetch GET 200 https://registry.npmjs.org/has-flag 371ms (cache miss)
972 silly packumentCache full:https://registry.npmjs.org/has-flag set size:undefined disposed:false
973 silly placeDep ROOT color-convert@2.0.1 OK for: ansi-styles@4.3.0 want: ^2.0.1
974 silly fetch manifest color-name@~1.1.4
975 silly packumentCache full:https://registry.npmjs.org/color-name cache-miss
976 http fetch GET 200 https://registry.npmjs.org/color-name 398ms (cache miss)
977 silly packumentCache full:https://registry.npmjs.org/color-name set size:undefined disposed:false
978 silly placeDep ROOT color-name@1.1.4 OK for: color-convert@2.0.1 want: ~1.1.4
979 silly placeDep node_modules/eslint-import-resolver-node debug@3.2.7 OK for: eslint-import-resolver-node@0.3.10 want: ^3.2.7
980 silly placeDep ROOT is-core-module@2.17.0 OK for: eslint-import-resolver-node@0.3.10 want: ^2.16.1
981 silly placeDep ROOT resolve@2.0.0-next.7 OK for: eslint-import-resolver-node@0.3.10 want: ^2.0.0-next.6
982 silly fetch manifest hasown@^2.0.4
983 silly packumentCache full:https://registry.npmjs.org/hasown cache-miss
984 silly fetch manifest es-errors@^1.3.0
985 silly packumentCache full:https://registry.npmjs.org/es-errors cache-miss
986 silly fetch manifest node-exports-info@^1.6.0
987 silly packumentCache full:https://registry.npmjs.org/node-exports-info cache-miss
988 silly fetch manifest object-keys@^1.1.1
989 silly packumentCache full:https://registry.npmjs.org/object-keys cache-miss
990 silly fetch manifest path-parse@^1.0.7
991 silly packumentCache full:https://registry.npmjs.org/path-parse cache-miss
992 silly fetch manifest supports-preserve-symlinks-flag@^1.0.0
993 silly packumentCache full:https://registry.npmjs.org/supports-preserve-symlinks-flag cache-miss
994 http cache https://registry.npmjs.org/hasown 3ms (cache hit)
995 silly packumentCache full:https://registry.npmjs.org/hasown set size:18361 disposed:false
996 http fetch GET 200 https://registry.npmjs.org/supports-preserve-symlinks-flag 421ms (cache miss)
997 silly packumentCache full:https://registry.npmjs.org/supports-preserve-symlinks-flag set size:undefined disposed:false
998 http fetch GET 200 https://registry.npmjs.org/path-parse 423ms (cache miss)
999 silly packumentCache full:https://registry.npmjs.org/path-parse set size:undefined disposed:false
1000 http fetch GET 200 https://registry.npmjs.org/es-errors 424ms (cache miss)
1001 silly packumentCache full:https://registry.npmjs.org/es-errors set size:undefined disposed:false
1002 http fetch GET 200 https://registry.npmjs.org/object-keys 424ms (cache miss)
1003 silly packumentCache full:https://registry.npmjs.org/object-keys set size:undefined disposed:false
1004 http fetch GET 200 https://registry.npmjs.org/node-exports-info 425ms (cache miss)
1005 silly packumentCache full:https://registry.npmjs.org/node-exports-info set size:undefined disposed:false
1006 silly placeDep ROOT @nolyfill/is-core-module@1.0.39 OK for: eslint-import-resolver-typescript@3.10.1 want: 1.0.39
1007 silly placeDep ROOT get-tsconfig@4.14.3 OK for: eslint-import-resolver-typescript@3.10.1 want: ^4.10.0
1008 silly placeDep ROOT is-bun-module@2.0.0 OK for: eslint-import-resolver-typescript@3.10.1 want: ^2.0.0
1009 silly placeDep ROOT stable-hash@0.0.5 OK for: eslint-import-resolver-typescript@3.10.1 want: ^0.0.5
1010 silly placeDep ROOT tinyglobby@0.2.17 OK for: eslint-import-resolver-typescript@3.10.1 want: ^0.2.13
1011 silly placeDep ROOT unrs-resolver@1.12.2 OK for: eslint-import-resolver-typescript@3.10.1 want: ^1.6.2
1012 silly fetch manifest resolve-pkg-maps@^1.0.0
1013 silly packumentCache full:https://registry.npmjs.org/resolve-pkg-maps cache-miss
1014 silly fetch manifest semver@^7.7.1
1015 silly packumentCache full:https://registry.npmjs.org/semver cache-miss
1016 silly fetch manifest fdir@^6.5.0
1017 silly packumentCache full:https://registry.npmjs.org/fdir cache-miss
1018 silly fetch manifest picomatch@^4.0.4
1019 silly packumentCache full:https://registry.npmjs.org/picomatch cache-miss
1020 silly fetch manifest napi-postinstall@^0.3.4
1021 silly packumentCache full:https://registry.npmjs.org/napi-postinstall cache-miss
1022 silly fetch manifest @unrs/resolver-binding-darwin-arm64@1.12.2
1023 silly packumentCache full:https://registry.npmjs.org/@unrs%2fresolver-binding-darwin-arm64 cache-miss
1024 silly fetch manifest @unrs/resolver-binding-android-arm64@1.12.2
1025 silly packumentCache full:https://registry.npmjs.org/@unrs%2fresolver-binding-android-arm64 cache-miss
1026 silly fetch manifest @unrs/resolver-binding-win32-arm64-msvc@1.12.2
1027 silly packumentCache full:https://registry.npmjs.org/@unrs%2fresolver-binding-win32-arm64-msvc cache-miss
1028 silly fetch manifest @unrs/resolver-binding-linux-arm64-gnu@1.12.2
1029 silly packumentCache full:https://registry.npmjs.org/@unrs%2fresolver-binding-linux-arm64-gnu cache-miss
1030 silly fetch manifest @unrs/resolver-binding-linux-arm64-musl@1.12.2
1031 silly packumentCache full:https://registry.npmjs.org/@unrs%2fresolver-binding-linux-arm64-musl cache-miss
1032 silly fetch manifest @unrs/resolver-binding-openharmony-arm64@1.12.2
1033 silly packumentCache full:https://registry.npmjs.org/@unrs%2fresolver-binding-openharmony-arm64 cache-miss
1034 http cache https://registry.npmjs.org/semver 4ms (cache hit)
1035 silly packumentCache full:https://registry.npmjs.org/semver set size:246128 disposed:false
1036 silly fetch manifest @unrs/resolver-binding-android-arm-eabi@1.12.2
1037 silly packumentCache full:https://registry.npmjs.org/@unrs%2fresolver-binding-android-arm-eabi cache-miss
1038 http fetch GET 200 https://registry.npmjs.org/resolve-pkg-maps 383ms (cache miss)
1039 silly packumentCache full:https://registry.npmjs.org/resolve-pkg-maps set size:undefined disposed:false
1040 silly fetch manifest @unrs/resolver-binding-linux-arm-gnueabihf@1.12.2
1041 silly packumentCache full:https://registry.npmjs.org/@unrs%2fresolver-binding-linux-arm-gnueabihf cache-miss
1042 http fetch GET 200 https://registry.npmjs.org/napi-postinstall 385ms (cache miss)
1043 silly packumentCache full:https://registry.npmjs.org/napi-postinstall set size:undefined disposed:false
1044 silly fetch manifest @unrs/resolver-binding-linux-arm-musleabihf@1.12.2
1045 silly packumentCache full:https://registry.npmjs.org/@unrs%2fresolver-binding-linux-arm-musleabihf cache-miss
1046 http fetch GET 200 https://registry.npmjs.org/fdir 396ms (cache miss)
1047 silly packumentCache full:https://registry.npmjs.org/fdir set size:undefined disposed:false
1048 silly fetch manifest @unrs/resolver-binding-win32-ia32-msvc@1.12.2
1049 silly packumentCache full:https://registry.npmjs.org/@unrs%2fresolver-binding-win32-ia32-msvc cache-miss
1050 http fetch GET 200 https://registry.npmjs.org/@unrs%2fresolver-binding-android-arm64 435ms (cache miss)
1051 silly packumentCache full:https://registry.npmjs.org/@unrs%2fresolver-binding-android-arm64 set size:undefined disposed:false
1052 silly fetch manifest @unrs/resolver-binding-linux-loong64-gnu@1.12.2
1053 silly packumentCache full:https://registry.npmjs.org/@unrs%2fresolver-binding-linux-loong64-gnu cache-miss
1054 http fetch GET 200 https://registry.npmjs.org/@unrs%2fresolver-binding-openharmony-arm64 435ms (cache miss)
1055 silly packumentCache full:https://registry.npmjs.org/@unrs%2fresolver-binding-openharmony-arm64 set size:undefined disposed:false
1056 silly fetch manifest @unrs/resolver-binding-linux-loong64-musl@1.12.2
1057 silly packumentCache full:https://registry.npmjs.org/@unrs%2fresolver-binding-linux-loong64-musl cache-miss
1058 http fetch GET 200 https://registry.npmjs.org/@unrs%2fresolver-binding-linux-arm64-gnu 438ms (cache miss)
1059 silly packumentCache full:https://registry.npmjs.org/@unrs%2fresolver-binding-linux-arm64-gnu set size:undefined disposed:false
1060 silly fetch manifest @unrs/resolver-binding-linux-ppc64-gnu@1.12.2
1061 silly packumentCache full:https://registry.npmjs.org/@unrs%2fresolver-binding-linux-ppc64-gnu cache-miss
1062 http fetch GET 200 https://registry.npmjs.org/@unrs%2fresolver-binding-win32-arm64-msvc 440ms (cache miss)
1063 silly packumentCache full:https://registry.npmjs.org/@unrs%2fresolver-binding-win32-arm64-msvc set size:undefined disposed:false
1064 silly fetch manifest @unrs/resolver-binding-linux-riscv64-gnu@1.12.2
1065 silly packumentCache full:https://registry.npmjs.org/@unrs%2fresolver-binding-linux-riscv64-gnu cache-miss
1066 http fetch GET 200 https://registry.npmjs.org/@unrs%2fresolver-binding-linux-arm64-musl 440ms (cache miss)
1067 silly packumentCache full:https://registry.npmjs.org/@unrs%2fresolver-binding-linux-arm64-musl set size:undefined disposed:false
1068 silly fetch manifest @unrs/resolver-binding-linux-riscv64-musl@1.12.2
1069 silly packumentCache full:https://registry.npmjs.org/@unrs%2fresolver-binding-linux-riscv64-musl cache-miss
1070 http fetch GET 200 https://registry.npmjs.org/@unrs%2fresolver-binding-darwin-arm64 441ms (cache miss)
1071 silly packumentCache full:https://registry.npmjs.org/@unrs%2fresolver-binding-darwin-arm64 set size:undefined disposed:false
1072 silly fetch manifest @unrs/resolver-binding-linux-s390x-gnu@1.12.2
1073 silly packumentCache full:https://registry.npmjs.org/@unrs%2fresolver-binding-linux-s390x-gnu cache-miss
1074 http fetch GET 200 https://registry.npmjs.org/picomatch 443ms (cache miss)
1075 silly packumentCache full:https://registry.npmjs.org/picomatch set size:undefined disposed:false
1076 silly fetch manifest @unrs/resolver-binding-wasm32-wasi@1.12.2
1077 silly packumentCache full:https://registry.npmjs.org/@unrs%2fresolver-binding-wasm32-wasi cache-miss
1078 http fetch GET 200 https://registry.npmjs.org/@unrs%2fresolver-binding-android-arm-eabi 439ms (cache miss)
1079 silly packumentCache full:https://registry.npmjs.org/@unrs%2fresolver-binding-android-arm-eabi set size:undefined disposed:false
1080 silly fetch manifest @unrs/resolver-binding-darwin-x64@1.12.2
1081 silly packumentCache full:https://registry.npmjs.org/@unrs%2fresolver-binding-darwin-x64 cache-miss
1082 http fetch GET 200 https://registry.npmjs.org/@unrs%2fresolver-binding-linux-arm-musleabihf 364ms (cache miss)
1083 silly packumentCache full:https://registry.npmjs.org/@unrs%2fresolver-binding-linux-arm-musleabihf set size:undefined disposed:false
1084 silly fetch manifest @unrs/resolver-binding-win32-x64-msvc@1.12.2
1085 silly packumentCache full:https://registry.npmjs.org/@unrs%2fresolver-binding-win32-x64-msvc cache-miss
1086 http fetch GET 200 https://registry.npmjs.org/@unrs%2fresolver-binding-linux-arm-gnueabihf 366ms (cache miss)
1087 silly packumentCache full:https://registry.npmjs.org/@unrs%2fresolver-binding-linux-arm-gnueabihf set size:undefined disposed:false
1088 silly fetch manifest @unrs/resolver-binding-freebsd-x64@1.12.2
1089 silly packumentCache full:https://registry.npmjs.org/@unrs%2fresolver-binding-freebsd-x64 cache-miss
1090 http fetch GET 200 https://registry.npmjs.org/@unrs%2fresolver-binding-win32-ia32-msvc 370ms (cache miss)
1091 silly packumentCache full:https://registry.npmjs.org/@unrs%2fresolver-binding-win32-ia32-msvc set size:undefined disposed:false
1092 silly fetch manifest @unrs/resolver-binding-linux-x64-gnu@1.12.2
1093 silly packumentCache full:https://registry.npmjs.org/@unrs%2fresolver-binding-linux-x64-gnu cache-miss
1094 http fetch GET 200 https://registry.npmjs.org/@unrs%2fresolver-binding-linux-loong64-musl 386ms (cache miss)
1095 silly packumentCache full:https://registry.npmjs.org/@unrs%2fresolver-binding-linux-loong64-musl set size:undefined disposed:false
1096 silly fetch manifest @unrs/resolver-binding-linux-x64-musl@1.12.2
1097 silly packumentCache full:https://registry.npmjs.org/@unrs%2fresolver-binding-linux-x64-musl cache-miss
1098 http fetch GET 200 https://registry.npmjs.org/@unrs%2fresolver-binding-linux-loong64-gnu 392ms (cache miss)
1099 silly packumentCache full:https://registry.npmjs.org/@unrs%2fresolver-binding-linux-loong64-gnu set size:undefined disposed:false
1100 http fetch GET 200 https://registry.npmjs.org/@unrs%2fresolver-binding-linux-ppc64-gnu 426ms (cache miss)
1101 silly packumentCache full:https://registry.npmjs.org/@unrs%2fresolver-binding-linux-ppc64-gnu set size:undefined disposed:false
1102 http fetch GET 200 https://registry.npmjs.org/@unrs%2fresolver-binding-linux-riscv64-gnu 426ms (cache miss)
1103 silly packumentCache full:https://registry.npmjs.org/@unrs%2fresolver-binding-linux-riscv64-gnu set size:undefined disposed:false
1104 http fetch GET 200 https://registry.npmjs.org/@unrs%2fresolver-binding-linux-riscv64-musl 450ms (cache miss)
1105 silly packumentCache full:https://registry.npmjs.org/@unrs%2fresolver-binding-linux-riscv64-musl set size:undefined disposed:false
1106 http fetch GET 200 https://registry.npmjs.org/@unrs%2fresolver-binding-linux-s390x-gnu 453ms (cache miss)
1107 silly packumentCache full:https://registry.npmjs.org/@unrs%2fresolver-binding-linux-s390x-gnu set size:undefined disposed:false
1108 http fetch GET 200 https://registry.npmjs.org/@unrs%2fresolver-binding-wasm32-wasi 452ms (cache miss)
1109 silly packumentCache full:https://registry.npmjs.org/@unrs%2fresolver-binding-wasm32-wasi set size:undefined disposed:false
1110 http fetch GET 200 https://registry.npmjs.org/@unrs%2fresolver-binding-darwin-x64 451ms (cache miss)
1111 silly packumentCache full:https://registry.npmjs.org/@unrs%2fresolver-binding-darwin-x64 set size:undefined disposed:false
1112 http fetch GET 200 https://registry.npmjs.org/@unrs%2fresolver-binding-win32-x64-msvc 362ms (cache miss)
1113 silly packumentCache full:https://registry.npmjs.org/@unrs%2fresolver-binding-win32-x64-msvc set size:undefined disposed:false
1114 http fetch GET 200 https://registry.npmjs.org/@unrs%2fresolver-binding-freebsd-x64 362ms (cache miss)
1115 silly packumentCache full:https://registry.npmjs.org/@unrs%2fresolver-binding-freebsd-x64 set size:undefined disposed:false
1116 http fetch GET 200 https://registry.npmjs.org/@unrs%2fresolver-binding-linux-x64-gnu 363ms (cache miss)
1117 silly packumentCache full:https://registry.npmjs.org/@unrs%2fresolver-binding-linux-x64-gnu set size:undefined disposed:false
1118 http fetch GET 200 https://registry.npmjs.org/@unrs%2fresolver-binding-linux-x64-musl 387ms (cache miss)
1119 silly packumentCache full:https://registry.npmjs.org/@unrs%2fresolver-binding-linux-x64-musl set size:undefined disposed:false
1120 silly placeDep ROOT @rtsao/scc@1.1.0 OK for: eslint-plugin-import@2.32.0 want: ^1.1.0
1121 silly placeDep ROOT array-includes@3.2.0 OK for: eslint-plugin-import@2.32.0 want: ^3.1.9
1122 silly placeDep ROOT array.prototype.findlastindex@1.2.6 OK for: eslint-plugin-import@2.32.0 want: ^1.2.6
1123 silly placeDep ROOT array.prototype.flat@1.3.3 OK for: eslint-plugin-import@2.32.0 want: ^1.3.3
1124 silly placeDep ROOT array.prototype.flatmap@1.3.3 OK for: eslint-plugin-import@2.32.0 want: ^1.3.3
1125 silly placeDep node_modules/eslint-plugin-import debug@3.2.7 OK for: eslint-plugin-import@2.32.0 want: ^3.2.7
1126 silly placeDep ROOT doctrine@2.1.0 OK for: eslint-plugin-import@2.32.0 want: ^2.1.0
1127 silly placeDep ROOT eslint-module-utils@2.14.0 OK for: eslint-plugin-import@2.32.0 want: ^2.12.1
1128 silly placeDep ROOT hasown@2.0.4 OK for: eslint-plugin-import@2.32.0 want: ^2.0.2
1129 silly placeDep ROOT object.fromentries@2.0.8 OK for: eslint-plugin-import@2.32.0 want: ^2.0.8
1130 silly placeDep ROOT object.groupby@1.0.3 OK for: eslint-plugin-import@2.32.0 want: ^1.0.3
1131 silly placeDep ROOT object.values@1.2.1 OK for: eslint-plugin-import@2.32.0 want: ^1.2.1
1132 silly placeDep ROOT semver@6.3.1 OK for: eslint-plugin-import@2.32.0 want: ^6.3.1
1133 silly placeDep ROOT string.prototype.trimend@1.0.10 OK for: eslint-plugin-import@2.32.0 want: ^1.0.9
1134 silly placeDep ROOT tsconfig-paths@3.15.0 OK for: eslint-plugin-import@2.32.0 want: ^3.15.0
1135 silly fetch manifest call-bind@^1.0.9
1136 silly packumentCache full:https://registry.npmjs.org/call-bind cache-miss
1137 silly fetch manifest is-string@^1.1.1
1138 silly packumentCache full:https://registry.npmjs.org/is-string cache-miss
1139 silly fetch manifest call-bound@^1.0.4
1140 silly packumentCache full:https://registry.npmjs.org/call-bound cache-miss
1141 silly fetch manifest es-abstract@^1.24.2
1142 silly packumentCache full:https://registry.npmjs.org/es-abstract cache-miss
1143 silly fetch manifest es-object-atoms@^1.1.2
1144 silly packumentCache full:https://registry.npmjs.org/es-object-atoms cache-miss
1145 silly fetch manifest math-intrinsics@^1.1.0
1146 silly packumentCache full:https://registry.npmjs.org/math-intrinsics cache-miss
1147 silly fetch manifest define-properties@^1.2.1
1148 silly packumentCache full:https://registry.npmjs.org/define-properties cache-miss
1149 silly fetch manifest es-shim-unscopables@^1.1.0
1150 silly packumentCache full:https://registry.npmjs.org/es-shim-unscopables cache-miss
1151 silly fetch manifest call-bind@^1.0.8
1152 silly packumentCache full:https://registry.npmjs.org/call-bind cache-miss
1153 silly fetch manifest call-bound@^1.0.4
1154 silly packumentCache full:https://registry.npmjs.org/call-bound cache-miss
1155 silly fetch manifest define-properties@^1.2.1
1156 silly packumentCache full:https://registry.npmjs.org/define-properties cache-miss
1157 http fetch GET 200 https://registry.npmjs.org/es-shim-unscopables 348ms (cache miss)
1158 silly packumentCache full:https://registry.npmjs.org/es-shim-unscopables set size:undefined disposed:false
1159 silly fetch manifest es-abstract@^1.23.9
1160 silly packumentCache full:https://registry.npmjs.org/es-abstract cache-miss
1161 http fetch GET 200 https://registry.npmjs.org/call-bind 349ms (cache miss)
1162 silly packumentCache full:https://registry.npmjs.org/call-bind set size:undefined disposed:false
1163 silly fetch manifest es-object-atoms@^1.1.1
1164 silly packumentCache full:https://registry.npmjs.org/es-object-atoms cache-miss
1165 http fetch GET 200 https://registry.npmjs.org/call-bind 364ms (cache miss)
1166 silly packumentCache full:https://registry.npmjs.org/call-bind set size:undefined disposed:false
1167 silly fetch manifest define-properties@^1.2.1
1168 silly packumentCache full:https://registry.npmjs.org/define-properties cache-miss
1169 http fetch GET 200 https://registry.npmjs.org/call-bound 370ms (cache miss)
1170 silly packumentCache full:https://registry.npmjs.org/call-bound set size:undefined disposed:false
1171 silly fetch manifest es-abstract@^1.23.5
1172 silly packumentCache full:https://registry.npmjs.org/es-abstract cache-miss
1173 http fetch GET 200 https://registry.npmjs.org/call-bound 376ms (cache miss)
1174 silly packumentCache full:https://registry.npmjs.org/call-bound set size:undefined disposed:false
1175 silly fetch manifest es-shim-unscopables@^1.0.2
1176 silly packumentCache full:https://registry.npmjs.org/es-shim-unscopables cache-miss
1177 http fetch GET 200 https://registry.npmjs.org/is-string 377ms (cache miss)
1178 silly packumentCache full:https://registry.npmjs.org/is-string set size:undefined disposed:false
1179 silly fetch manifest define-properties@^1.2.1
1180 silly packumentCache full:https://registry.npmjs.org/define-properties cache-miss
1181 http fetch GET 200 https://registry.npmjs.org/define-properties 377ms (cache miss)
1182 silly packumentCache full:https://registry.npmjs.org/define-properties set size:undefined disposed:false
1183 silly fetch manifest es-abstract@^1.23.5
1184 silly packumentCache full:https://registry.npmjs.org/es-abstract cache-miss
1185 http cache https://registry.npmjs.org/es-shim-unscopables 3ms (cache hit)
1186 silly packumentCache full:https://registry.npmjs.org/es-shim-unscopables set size:13965 disposed:false
1187 silly fetch manifest function-bind@^1.1.2
1188 silly packumentCache full:https://registry.npmjs.org/function-bind cache-miss
1189 http cache https://registry.npmjs.org/define-properties 2ms (cache hit)
1190 silly packumentCache full:https://registry.npmjs.org/define-properties set size:31491 disposed:false
1191 silly fetch manifest call-bind@^1.0.7
1192 silly packumentCache full:https://registry.npmjs.org/call-bind cache-miss
1193 http cache https://registry.npmjs.org/call-bind 1ms (cache hit)
1194 silly packumentCache full:https://registry.npmjs.org/call-bind set size:32985 disposed:false
1195 silly fetch manifest es-abstract@^1.23.2
1196 silly packumentCache full:https://registry.npmjs.org/es-abstract cache-miss
1197 http fetch GET 200 https://registry.npmjs.org/math-intrinsics 398ms (cache miss)
1198 silly packumentCache full:https://registry.npmjs.org/math-intrinsics set size:undefined disposed:false
1199 silly fetch manifest es-object-atoms@^1.0.0
1200 silly packumentCache full:https://registry.npmjs.org/es-object-atoms cache-miss
1201 http fetch GET 200 https://registry.npmjs.org/es-object-atoms 400ms (cache miss)
1202 silly packumentCache full:https://registry.npmjs.org/es-object-atoms set size:undefined disposed:false
1203 silly fetch manifest es-abstract@^1.23.2
1204 silly packumentCache full:https://registry.npmjs.org/es-abstract cache-miss
1205 http cache https://registry.npmjs.org/es-object-atoms 2ms (cache hit)
1206 silly packumentCache full:https://registry.npmjs.org/es-object-atoms set size:18278 disposed:false
1207 silly fetch manifest call-bound@^1.0.3
1208 silly packumentCache full:https://registry.npmjs.org/call-bound cache-miss
1209 http cache https://registry.npmjs.org/call-bound 1ms (cache hit)
1210 silly packumentCache full:https://registry.npmjs.org/call-bound set size:15317 disposed:false
1211 silly fetch manifest json5@^1.0.2
1212 silly packumentCache full:https://registry.npmjs.org/json5 cache-miss
1213 http fetch GET 200 https://registry.npmjs.org/define-properties 405ms (cache miss)
1214 silly packumentCache full:https://registry.npmjs.org/define-properties set size:undefined disposed:false
1215 silly packumentCache full:https://registry.npmjs.org/define-properties dispose
1216 silly fetch manifest minimist@^1.2.6
1217 silly packumentCache full:https://registry.npmjs.org/minimist cache-miss
1218 http fetch GET 200 https://registry.npmjs.org/es-abstract 484ms (cache miss)
1219 silly packumentCache full:https://registry.npmjs.org/es-abstract set size:undefined disposed:false
1220 silly fetch manifest strip-bom@^3.0.0
1221 silly packumentCache full:https://registry.npmjs.org/strip-bom cache-miss
1222 http fetch GET 200 https://registry.npmjs.org/es-object-atoms 368ms (cache miss)
1223 silly packumentCache full:https://registry.npmjs.org/es-object-atoms set size:undefined disposed:false
1224 silly packumentCache full:https://registry.npmjs.org/es-object-atoms dispose
1225 silly fetch manifest @types/json5@^0.0.29
1226 silly packumentCache full:https://registry.npmjs.org/@types%2fjson5 cache-miss
1227 http fetch GET 200 https://registry.npmjs.org/es-abstract 373ms (cache miss)
1228 silly packumentCache full:https://registry.npmjs.org/es-abstract set size:undefined disposed:false
1229 http fetch GET 200 https://registry.npmjs.org/define-properties 365ms (cache miss)
1230 silly packumentCache full:https://registry.npmjs.org/define-properties set size:undefined disposed:true
1231 http fetch GET 200 https://registry.npmjs.org/es-abstract 372ms (cache miss)
1232 silly packumentCache full:https://registry.npmjs.org/es-abstract set size:undefined disposed:false
1233 http fetch GET 200 https://registry.npmjs.org/function-bind 368ms (cache miss)
1234 silly packumentCache full:https://registry.npmjs.org/function-bind set size:undefined disposed:false
1235 http fetch GET 200 https://registry.npmjs.org/es-abstract 390ms (cache miss)
1236 silly packumentCache full:https://registry.npmjs.org/es-abstract set size:undefined disposed:false
1237 http fetch GET 200 https://registry.npmjs.org/minimist 392ms (cache miss)
1238 silly packumentCache full:https://registry.npmjs.org/minimist set size:undefined disposed:false
1239 http fetch GET 200 https://registry.npmjs.org/es-abstract 404ms (cache miss)
1240 silly packumentCache full:https://registry.npmjs.org/es-abstract set size:undefined disposed:false
1241 http fetch GET 200 https://registry.npmjs.org/json5 402ms (cache miss)
1242 silly packumentCache full:https://registry.npmjs.org/json5 set size:undefined disposed:false
1243 http fetch GET 200 https://registry.npmjs.org/es-abstract 441ms (cache miss)
1244 silly packumentCache full:https://registry.npmjs.org/es-abstract set size:undefined disposed:false
1245 http fetch GET 200 https://registry.npmjs.org/strip-bom 396ms (cache miss)
1246 silly packumentCache full:https://registry.npmjs.org/strip-bom set size:undefined disposed:false
1247 http fetch GET 200 https://registry.npmjs.org/@types%2fjson5 398ms (cache miss)
1248 silly packumentCache full:https://registry.npmjs.org/@types%2fjson5 set size:undefined disposed:false
1249 silly placeDep ROOT call-bind@1.0.9 OK for: array-includes@3.2.0 want: ^1.0.9
1250 silly placeDep ROOT call-bound@1.0.4 OK for: array-includes@3.2.0 want: ^1.0.4
1251 silly placeDep ROOT define-properties@1.2.1 OK for: array-includes@3.2.0 want: ^1.2.1
1252 silly placeDep ROOT es-abstract@1.24.2 OK for: array-includes@3.2.0 want: ^1.24.2
1253 silly placeDep ROOT es-object-atoms@1.1.2 OK for: array-includes@3.2.0 want: ^1.1.2
1254 silly placeDep ROOT es-shim-unscopables@1.1.0 OK for: array-includes@3.2.0 want: ^1.1.0
1255 silly placeDep ROOT is-string@1.1.1 OK for: array-includes@3.2.0 want: ^1.1.1
1256 silly placeDep ROOT math-intrinsics@1.1.0 OK for: array-includes@3.2.0 want: ^1.1.0
1257 silly fetch manifest call-bind-apply-helpers@^1.0.2
1258 silly packumentCache full:https://registry.npmjs.org/call-bind-apply-helpers cache-miss
1259 silly fetch manifest es-define-property@^1.0.1
1260 silly packumentCache full:https://registry.npmjs.org/es-define-property cache-miss
1261 silly fetch manifest get-intrinsic@^1.3.0
1262 silly packumentCache full:https://registry.npmjs.org/get-intrinsic cache-miss
1263 silly fetch manifest set-function-length@^1.2.2
1264 silly packumentCache full:https://registry.npmjs.org/set-function-length cache-miss
1265 silly fetch manifest call-bind-apply-helpers@^1.0.2
1266 silly packumentCache full:https://registry.npmjs.org/call-bind-apply-helpers cache-miss
1267 silly fetch manifest get-intrinsic@^1.3.0
1268 silly packumentCache full:https://registry.npmjs.org/get-intrinsic cache-miss
1269 silly fetch manifest define-data-property@^1.0.1
1270 silly packumentCache full:https://registry.npmjs.org/define-data-property cache-miss
1271 silly fetch manifest has-property-descriptors@^1.0.0
1272 silly packumentCache full:https://registry.npmjs.org/has-property-descriptors cache-miss
1273 silly fetch manifest array-buffer-byte-length@^1.0.2
1274 silly packumentCache full:https://registry.npmjs.org/array-buffer-byte-length cache-miss
1275 silly fetch manifest arraybuffer.prototype.slice@^1.0.4
1276 silly packumentCache full:https://registry.npmjs.org/arraybuffer.prototype.slice cache-miss
1277 silly fetch manifest available-typed-arrays@^1.0.7
1278 silly packumentCache full:https://registry.npmjs.org/available-typed-arrays cache-miss
1279 http fetch GET 200 https://registry.npmjs.org/call-bind-apply-helpers 331ms (cache miss)
1280 silly packumentCache full:https://registry.npmjs.org/call-bind-apply-helpers set size:undefined disposed:false
1281 silly fetch manifest data-view-buffer@^1.0.2
1282 silly packumentCache full:https://registry.npmjs.org/data-view-buffer cache-miss
1283 http fetch GET 200 https://registry.npmjs.org/available-typed-arrays 349ms (cache miss)
1284 silly packumentCache full:https://registry.npmjs.org/available-typed-arrays set size:undefined disposed:false
1285 silly fetch manifest data-view-byte-length@^1.0.2
1286 silly packumentCache full:https://registry.npmjs.org/data-view-byte-length cache-miss
1287 http fetch GET 200 https://registry.npmjs.org/es-define-property 352ms (cache miss)
1288 silly packumentCache full:https://registry.npmjs.org/es-define-property set size:undefined disposed:false
1289 silly fetch manifest data-view-byte-offset@^1.0.1
1290 silly packumentCache full:https://registry.npmjs.org/data-view-byte-offset cache-miss
1291 http fetch GET 200 https://registry.npmjs.org/array-buffer-byte-length 356ms (cache miss)
1292 silly packumentCache full:https://registry.npmjs.org/array-buffer-byte-length set size:undefined disposed:false
1293 silly fetch manifest es-set-tostringtag@^2.1.0
1294 silly packumentCache full:https://registry.npmjs.org/es-set-tostringtag cache-miss
1295 http fetch GET 200 https://registry.npmjs.org/call-bind-apply-helpers 367ms (cache miss)
1296 silly packumentCache full:https://registry.npmjs.org/call-bind-apply-helpers set size:undefined disposed:false
1297 silly fetch manifest es-to-primitive@^1.3.0
1298 silly packumentCache full:https://registry.npmjs.org/es-to-primitive cache-miss
1299 http fetch GET 200 https://registry.npmjs.org/get-intrinsic 369ms (cache miss)
1300 silly packumentCache full:https://registry.npmjs.org/get-intrinsic set size:undefined disposed:false
1301 silly fetch manifest function.prototype.name@^1.1.8
1302 silly packumentCache full:https://registry.npmjs.org/function.prototype.name cache-miss
1303 http fetch GET 200 https://registry.npmjs.org/set-function-length 370ms (cache miss)
1304 silly packumentCache full:https://registry.npmjs.org/set-function-length set size:undefined disposed:false
1305 silly fetch manifest get-proto@^1.0.1
1306 silly packumentCache full:https://registry.npmjs.org/get-proto cache-miss
1307 http fetch GET 200 https://registry.npmjs.org/get-intrinsic 389ms (cache miss)
1308 silly packumentCache full:https://registry.npmjs.org/get-intrinsic set size:undefined disposed:false
1309 silly fetch manifest get-symbol-description@^1.1.0
1310 silly packumentCache full:https://registry.npmjs.org/get-symbol-description cache-miss
1311 http fetch GET 200 https://registry.npmjs.org/arraybuffer.prototype.slice 396ms (cache miss)
1312 silly packumentCache full:https://registry.npmjs.org/arraybuffer.prototype.slice set size:undefined disposed:false
1313 silly fetch manifest globalthis@^1.0.4
1314 silly packumentCache full:https://registry.npmjs.org/globalthis cache-miss
1315 http fetch GET 200 https://registry.npmjs.org/has-property-descriptors 401ms (cache miss)
1316 silly packumentCache full:https://registry.npmjs.org/has-property-descriptors set size:undefined disposed:false
1317 silly fetch manifest gopd@^1.2.0
1318 silly packumentCache full:https://registry.npmjs.org/gopd cache-miss
1319 http fetch GET 200 https://registry.npmjs.org/define-data-property 402ms (cache miss)
1320 silly packumentCache full:https://registry.npmjs.org/define-data-property set size:undefined disposed:false
1321 silly fetch manifest has-property-descriptors@^1.0.2
1322 silly packumentCache full:https://registry.npmjs.org/has-property-descriptors cache-miss
1323 http cache https://registry.npmjs.org/has-property-descriptors 1ms (cache hit)
1324 silly packumentCache full:https://registry.npmjs.org/has-property-descriptors set size:12452 disposed:false
1325 silly fetch manifest has-proto@^1.2.0
1326 silly packumentCache full:https://registry.npmjs.org/has-proto cache-miss
1327 http fetch GET 200 https://registry.npmjs.org/data-view-byte-length 333ms (cache miss)
1328 silly packumentCache full:https://registry.npmjs.org/data-view-byte-length set size:undefined disposed:false
1329 silly fetch manifest has-symbols@^1.1.0
1330 silly packumentCache full:https://registry.npmjs.org/has-symbols cache-miss
1331 http fetch GET 200 https://registry.npmjs.org/data-view-buffer 353ms (cache miss)
1332 silly packumentCache full:https://registry.npmjs.org/data-view-buffer set size:undefined disposed:false
1333 silly fetch manifest internal-slot@^1.1.0
1334 silly packumentCache full:https://registry.npmjs.org/internal-slot cache-miss
1335 http fetch GET 200 https://registry.npmjs.org/data-view-byte-offset 361ms (cache miss)
1336 silly packumentCache full:https://registry.npmjs.org/data-view-byte-offset set size:undefined disposed:false
1337 silly fetch manifest is-array-buffer@^3.0.5
1338 silly packumentCache full:https://registry.npmjs.org/is-array-buffer cache-miss
1339 http fetch GET 200 https://registry.npmjs.org/es-set-tostringtag 359ms (cache miss)
1340 silly packumentCache full:https://registry.npmjs.org/es-set-tostringtag set size:undefined disposed:false
1341 silly fetch manifest is-callable@^1.2.7
1342 silly packumentCache full:https://registry.npmjs.org/is-callable cache-miss
1343 http fetch GET 200 https://registry.npmjs.org/es-to-primitive 357ms (cache miss)
1344 silly packumentCache full:https://registry.npmjs.org/es-to-primitive set size:undefined disposed:false
1345 silly fetch manifest is-data-view@^1.0.2
1346 silly packumentCache full:https://registry.npmjs.org/is-data-view cache-miss
1347 http fetch GET 200 https://registry.npmjs.org/get-proto 361ms (cache miss)
1348 silly packumentCache full:https://registry.npmjs.org/get-proto set size:undefined disposed:false
1349 silly fetch manifest is-negative-zero@^2.0.3
1350 silly packumentCache full:https://registry.npmjs.org/is-negative-zero cache-miss
1351 http fetch GET 200 https://registry.npmjs.org/function.prototype.name 367ms (cache miss)
1352 silly packumentCache full:https://registry.npmjs.org/function.prototype.name set size:undefined disposed:false
1353 silly fetch manifest is-regex@^1.2.1
1354 silly packumentCache full:https://registry.npmjs.org/is-regex cache-miss
1355 http fetch GET 200 https://registry.npmjs.org/get-symbol-description 375ms (cache miss)
1356 silly packumentCache full:https://registry.npmjs.org/get-symbol-description set size:undefined disposed:false
1357 silly fetch manifest is-set@^2.0.3
1358 silly packumentCache full:https://registry.npmjs.org/is-set cache-miss
1359 http fetch GET 200 https://registry.npmjs.org/globalthis 384ms (cache miss)
1360 silly packumentCache full:https://registry.npmjs.org/globalthis set size:undefined disposed:false
1361 silly fetch manifest is-shared-array-buffer@^1.0.4
1362 silly packumentCache full:https://registry.npmjs.org/is-shared-array-buffer cache-miss
1363 http fetch GET 200 https://registry.npmjs.org/has-proto 378ms (cache miss)
1364 silly packumentCache full:https://registry.npmjs.org/has-proto set size:undefined disposed:false
1365 silly fetch manifest is-typed-array@^1.1.15
1366 silly packumentCache full:https://registry.npmjs.org/is-typed-array cache-miss
1367 http fetch GET 200 https://registry.npmjs.org/gopd 384ms (cache miss)
1368 silly packumentCache full:https://registry.npmjs.org/gopd set size:undefined disposed:false
1369 silly fetch manifest is-weakref@^1.1.1
1370 silly packumentCache full:https://registry.npmjs.org/is-weakref cache-miss
1371 http fetch GET 200 https://registry.npmjs.org/internal-slot 351ms (cache miss)
1372 silly packumentCache full:https://registry.npmjs.org/internal-slot set size:undefined disposed:false
1373 silly fetch manifest object-inspect@^1.13.4
1374 silly packumentCache full:https://registry.npmjs.org/object-inspect cache-miss
1375 http fetch GET 200 https://registry.npmjs.org/has-symbols 358ms (cache miss)
1376 silly packumentCache full:https://registry.npmjs.org/has-symbols set size:undefined disposed:false
1377 silly fetch manifest object.assign@^4.1.7
1378 silly packumentCache full:https://registry.npmjs.org/object.assign cache-miss
1379 http fetch GET 200 https://registry.npmjs.org/is-array-buffer 364ms (cache miss)
1380 silly packumentCache full:https://registry.npmjs.org/is-array-buffer set size:undefined disposed:false
1381 silly fetch manifest own-keys@^1.0.1
1382 silly packumentCache full:https://registry.npmjs.org/own-keys cache-miss
1383 http fetch GET 200 https://registry.npmjs.org/is-data-view 355ms (cache miss)
1384 silly packumentCache full:https://registry.npmjs.org/is-data-view set size:undefined disposed:false
1385 silly fetch manifest regexp.prototype.flags@^1.5.4
1386 silly packumentCache full:https://registry.npmjs.org/regexp.prototype.flags cache-miss
1387 http fetch GET 200 https://registry.npmjs.org/is-callable 373ms (cache miss)
1388 silly packumentCache full:https://registry.npmjs.org/is-callable set size:undefined disposed:false
1389 silly fetch manifest safe-array-concat@^1.1.3
1390 silly packumentCache full:https://registry.npmjs.org/safe-array-concat cache-miss
1391 http fetch GET 200 https://registry.npmjs.org/is-regex 360ms (cache miss)
1392 silly packumentCache full:https://registry.npmjs.org/is-regex set size:undefined disposed:false
1393 silly fetch manifest safe-push-apply@^1.0.0
1394 silly packumentCache full:https://registry.npmjs.org/safe-push-apply cache-miss
1395 http fetch GET 200 https://registry.npmjs.org/is-negative-zero 372ms (cache miss)
1396 silly packumentCache full:https://registry.npmjs.org/is-negative-zero set size:undefined disposed:false
1397 silly fetch manifest safe-regex-test@^1.1.0
1398 silly packumentCache full:https://registry.npmjs.org/safe-regex-test cache-miss
1399 http cache https://registry.npmjs.org/safe-regex-test 1ms (cache hit)
1400 silly packumentCache full:https://registry.npmjs.org/safe-regex-test set size:17412 disposed:false
1401 silly fetch manifest set-proto@^1.0.0
1402 silly packumentCache full:https://registry.npmjs.org/set-proto cache-miss
1403 http fetch GET 200 https://registry.npmjs.org/is-set 379ms (cache miss)
1404 silly packumentCache full:https://registry.npmjs.org/is-set set size:undefined disposed:false
1405 silly fetch manifest stop-iteration-iterator@^1.1.0
1406 silly packumentCache full:https://registry.npmjs.org/stop-iteration-iterator cache-miss
1407 http fetch GET 200 https://registry.npmjs.org/is-shared-array-buffer 393ms (cache miss)
1408 silly packumentCache full:https://registry.npmjs.org/is-shared-array-buffer set size:undefined disposed:false
1409 silly fetch manifest string.prototype.trim@^1.2.10
1410 silly packumentCache full:https://registry.npmjs.org/string.prototype.trim cache-miss
1411 http fetch GET 200 https://registry.npmjs.org/is-weakref 388ms (cache miss)
1412 silly packumentCache full:https://registry.npmjs.org/is-weakref set size:undefined disposed:false
1413 silly fetch manifest string.prototype.trimstart@^1.0.8
1414 silly packumentCache full:https://registry.npmjs.org/string.prototype.trimstart cache-miss
1415 http fetch GET 200 https://registry.npmjs.org/is-typed-array 401ms (cache miss)
1416 silly packumentCache full:https://registry.npmjs.org/is-typed-array set size:undefined disposed:false
1417 silly fetch manifest typed-array-buffer@^1.0.3
1418 silly packumentCache full:https://registry.npmjs.org/typed-array-buffer cache-miss
1419 http fetch GET 200 https://registry.npmjs.org/object-inspect 327ms (cache miss)
1420 silly packumentCache full:https://registry.npmjs.org/object-inspect set size:undefined disposed:false
1421 silly fetch manifest typed-array-byte-length@^1.0.3
1422 silly packumentCache full:https://registry.npmjs.org/typed-array-byte-length cache-miss
1423 http fetch GET 200 https://registry.npmjs.org/object.assign 338ms (cache miss)
1424 silly packumentCache full:https://registry.npmjs.org/object.assign set size:undefined disposed:false
1425 silly fetch manifest typed-array-byte-offset@^1.0.4
1426 silly packumentCache full:https://registry.npmjs.org/typed-array-byte-offset cache-miss
1427 http fetch GET 200 https://registry.npmjs.org/own-keys 364ms (cache miss)
1428 silly packumentCache full:https://registry.npmjs.org/own-keys set size:undefined disposed:false
1429 silly fetch manifest typed-array-length@^1.0.7
1430 silly packumentCache full:https://registry.npmjs.org/typed-array-length cache-miss
1431 http fetch GET 200 https://registry.npmjs.org/safe-array-concat 365ms (cache miss)
1432 silly packumentCache full:https://registry.npmjs.org/safe-array-concat set size:undefined disposed:false
1433 silly fetch manifest unbox-primitive@^1.1.0
1434 silly packumentCache full:https://registry.npmjs.org/unbox-primitive cache-miss
1435 http fetch GET 200 https://registry.npmjs.org/safe-push-apply 365ms (cache miss)
1436 silly packumentCache full:https://registry.npmjs.org/safe-push-apply set size:undefined disposed:false
1437 silly fetch manifest which-typed-array@^1.1.19
1438 silly packumentCache full:https://registry.npmjs.org/which-typed-array cache-miss
1439 http fetch GET 200 https://registry.npmjs.org/set-proto 357ms (cache miss)
1440 silly packumentCache full:https://registry.npmjs.org/set-proto set size:undefined disposed:false
1441 silly fetch manifest has-tostringtag@^1.0.2
1442 silly packumentCache full:https://registry.npmjs.org/has-tostringtag cache-miss
1443 http fetch GET 200 https://registry.npmjs.org/regexp.prototype.flags 386ms (cache miss)
1444 silly packumentCache full:https://registry.npmjs.org/regexp.prototype.flags set size:undefined disposed:false
1445 http fetch GET 200 https://registry.npmjs.org/stop-iteration-iterator 372ms (cache miss)
1446 silly packumentCache full:https://registry.npmjs.org/stop-iteration-iterator set size:undefined disposed:false
1447 http fetch GET 200 https://registry.npmjs.org/typed-array-buffer 374ms (cache miss)
1448 silly packumentCache full:https://registry.npmjs.org/typed-array-buffer set size:undefined disposed:false
1449 http fetch GET 200 https://registry.npmjs.org/string.prototype.trimstart 393ms (cache miss)
1450 silly packumentCache full:https://registry.npmjs.org/string.prototype.trimstart set size:undefined disposed:false
1451 http fetch GET 200 https://registry.npmjs.org/string.prototype.trim 394ms (cache miss)
1452 silly packumentCache full:https://registry.npmjs.org/string.prototype.trim set size:undefined disposed:false
1453 http fetch GET 200 https://registry.npmjs.org/typed-array-byte-offset 333ms (cache miss)
1454 silly packumentCache full:https://registry.npmjs.org/typed-array-byte-offset set size:undefined disposed:false
1455 http fetch GET 200 https://registry.npmjs.org/typed-array-byte-length 349ms (cache miss)
1456 silly packumentCache full:https://registry.npmjs.org/typed-array-byte-length set size:undefined disposed:false
1457 http fetch GET 200 https://registry.npmjs.org/typed-array-length 368ms (cache miss)
1458 silly packumentCache full:https://registry.npmjs.org/typed-array-length set size:undefined disposed:false
1459 http fetch GET 200 https://registry.npmjs.org/unbox-primitive 357ms (cache miss)
1460 silly packumentCache full:https://registry.npmjs.org/unbox-primitive set size:undefined disposed:false
1461 http fetch GET 200 https://registry.npmjs.org/has-tostringtag 359ms (cache miss)
1462 silly packumentCache full:https://registry.npmjs.org/has-tostringtag set size:undefined disposed:false
1463 http fetch GET 200 https://registry.npmjs.org/which-typed-array 380ms (cache miss)
1464 silly packumentCache full:https://registry.npmjs.org/which-typed-array set size:undefined disposed:false
1465 silly placeDep ROOT es-errors@1.3.0 OK for: array.prototype.findlastindex@1.2.6 want: ^1.3.0
1466 silly placeDep ROOT call-bind-apply-helpers@1.0.2 OK for: call-bind@1.0.9 want: ^1.0.2
1467 silly placeDep ROOT es-define-property@1.0.1 OK for: call-bind@1.0.9 want: ^1.0.1
1468 silly placeDep ROOT get-intrinsic@1.3.0 OK for: call-bind@1.0.9 want: ^1.3.0
1469 silly placeDep ROOT set-function-length@1.2.2 OK for: call-bind@1.0.9 want: ^1.2.2
1470 silly fetch manifest define-data-property@^1.1.4
1471 silly packumentCache full:https://registry.npmjs.org/define-data-property cache-miss
1472 silly fetch manifest gopd@^1.0.1
1473 silly packumentCache full:https://registry.npmjs.org/gopd cache-miss
1474 http cache https://registry.npmjs.org/gopd 2ms (cache hit)
1475 silly packumentCache full:https://registry.npmjs.org/gopd set size:11483 disposed:false
1476 http cache https://registry.npmjs.org/define-data-property 3ms (cache hit)
1477 silly packumentCache full:https://registry.npmjs.org/define-data-property set size:28048 disposed:false
1478 silly placeDep ROOT function-bind@1.1.2 OK for: call-bind-apply-helpers@1.0.2 want: ^1.1.2
1479 silly placeDep ROOT define-data-property@1.1.4 OK for: define-properties@1.2.1 want: ^1.0.1
1480 silly placeDep ROOT has-property-descriptors@1.0.2 OK for: define-properties@1.2.1 want: ^1.0.0
1481 silly placeDep ROOT object-keys@1.1.1 OK for: define-properties@1.2.1 want: ^1.1.1
1482 silly placeDep ROOT gopd@1.2.0 OK for: define-data-property@1.1.4 want: ^1.0.1
1483 silly placeDep ROOT array-buffer-byte-length@1.0.2 OK for: es-abstract@1.24.2 want: ^1.0.2
1484 silly placeDep ROOT arraybuffer.prototype.slice@1.0.4 OK for: es-abstract@1.24.2 want: ^1.0.4
1485 silly placeDep ROOT available-typed-arrays@1.0.7 OK for: es-abstract@1.24.2 want: ^1.0.7
1486 silly placeDep ROOT data-view-buffer@1.0.2 OK for: es-abstract@1.24.2 want: ^1.0.2
1487 silly placeDep ROOT data-view-byte-length@1.0.2 OK for: es-abstract@1.24.2 want: ^1.0.2
1488 silly placeDep ROOT data-view-byte-offset@1.0.1 OK for: es-abstract@1.24.2 want: ^1.0.1
1489 silly placeDep ROOT es-set-tostringtag@2.1.0 OK for: es-abstract@1.24.2 want: ^2.1.0
1490 silly placeDep ROOT es-to-primitive@1.3.4 OK for: es-abstract@1.24.2 want: ^1.3.0
1491 silly placeDep ROOT function.prototype.name@1.2.0 OK for: es-abstract@1.24.2 want: ^1.1.8
1492 silly placeDep ROOT get-proto@1.0.1 OK for: es-abstract@1.24.2 want: ^1.0.1
1493 silly placeDep ROOT get-symbol-description@1.1.0 OK for: es-abstract@1.24.2 want: ^1.1.0
1494 silly placeDep ROOT globalthis@1.0.4 OK for: es-abstract@1.24.2 want: ^1.0.4
1495 silly placeDep ROOT has-proto@1.2.0 OK for: es-abstract@1.24.2 want: ^1.2.0
1496 silly placeDep ROOT has-symbols@1.1.0 OK for: es-abstract@1.24.2 want: ^1.1.0
1497 silly placeDep ROOT internal-slot@1.1.0 OK for: es-abstract@1.24.2 want: ^1.1.0
1498 silly placeDep ROOT is-array-buffer@3.0.5 OK for: es-abstract@1.24.2 want: ^3.0.5
1499 silly placeDep ROOT is-callable@1.2.7 OK for: es-abstract@1.24.2 want: ^1.2.7
1500 silly placeDep ROOT is-data-view@1.0.2 OK for: es-abstract@1.24.2 want: ^1.0.2
1501 silly placeDep ROOT is-negative-zero@2.0.3 OK for: es-abstract@1.24.2 want: ^2.0.3
1502 silly placeDep ROOT is-regex@1.2.1 OK for: es-abstract@1.24.2 want: ^1.2.1
1503 silly placeDep ROOT is-set@2.0.3 OK for: es-abstract@1.24.2 want: ^2.0.3
1504 silly placeDep ROOT is-shared-array-buffer@1.0.4 OK for: es-abstract@1.24.2 want: ^1.0.4
1505 silly placeDep ROOT is-typed-array@1.1.15 OK for: es-abstract@1.24.2 want: ^1.1.15
1506 silly placeDep ROOT is-weakref@1.1.1 OK for: es-abstract@1.24.2 want: ^1.1.1
1507 silly placeDep ROOT object-inspect@1.13.4 OK for: es-abstract@1.24.2 want: ^1.13.4
1508 silly placeDep ROOT object.assign@4.1.7 OK for: es-abstract@1.24.2 want: ^4.1.7
1509 silly placeDep ROOT own-keys@1.0.2 OK for: es-abstract@1.24.2 want: ^1.0.1
1510 silly placeDep ROOT regexp.prototype.flags@1.5.4 OK for: es-abstract@1.24.2 want: ^1.5.4
1511 silly placeDep ROOT safe-array-concat@1.1.4 OK for: es-abstract@1.24.2 want: ^1.1.3
1512 silly placeDep ROOT safe-push-apply@1.0.0 OK for: es-abstract@1.24.2 want: ^1.0.0
1513 silly placeDep ROOT safe-regex-test@1.1.0 OK for: es-abstract@1.24.2 want: ^1.1.0
1514 silly placeDep ROOT set-proto@1.0.0 OK for: es-abstract@1.24.2 want: ^1.0.0
1515 silly placeDep ROOT stop-iteration-iterator@1.1.0 OK for: es-abstract@1.24.2 want: ^1.1.0
1516 silly placeDep ROOT string.prototype.trim@1.2.11 OK for: es-abstract@1.24.2 want: ^1.2.10
1517 silly placeDep ROOT string.prototype.trimstart@1.0.8 OK for: es-abstract@1.24.2 want: ^1.0.8
1518 silly placeDep ROOT typed-array-buffer@1.0.3 OK for: es-abstract@1.24.2 want: ^1.0.3
1519 silly placeDep ROOT typed-array-byte-length@1.0.3 OK for: es-abstract@1.24.2 want: ^1.0.3
1520 silly placeDep ROOT typed-array-byte-offset@1.0.5 OK for: es-abstract@1.24.2 want: ^1.0.4
1521 silly placeDep ROOT typed-array-length@1.0.8 OK for: es-abstract@1.24.2 want: ^1.0.7
1522 silly placeDep ROOT unbox-primitive@1.1.0 OK for: es-abstract@1.24.2 want: ^1.1.0
1523 silly placeDep ROOT which-typed-array@1.1.24 OK for: es-abstract@1.24.2 want: ^1.1.19
1524 silly fetch manifest is-array-buffer@^3.0.4
1525 silly packumentCache full:https://registry.npmjs.org/is-array-buffer cache-miss
1526 silly fetch manifest possible-typed-array-names@^1.0.0
1527 silly packumentCache full:https://registry.npmjs.org/possible-typed-array-names cache-miss
1528 silly fetch manifest is-data-view@^1.0.1
1529 silly packumentCache full:https://registry.npmjs.org/is-data-view cache-miss
1530 silly fetch manifest is-symbol@^1.1.1
1531 silly packumentCache full:https://registry.npmjs.org/is-symbol cache-miss
1532 silly fetch manifest is-date-object@^1.1.0
1533 silly packumentCache full:https://registry.npmjs.org/is-date-object cache-miss
1534 silly fetch manifest es-abstract-get@^1.0.0
1535 silly packumentCache full:https://registry.npmjs.org/es-abstract-get cache-miss
1536 silly fetch manifest is-document.all@^1.0.0
1537 silly packumentCache full:https://registry.npmjs.org/is-document.all cache-miss
1538 silly fetch manifest functions-have-names@^1.2.3
1539 silly packumentCache full:https://registry.npmjs.org/functions-have-names cache-miss
1540 silly fetch manifest dunder-proto@^1.0.1
1541 silly packumentCache full:https://registry.npmjs.org/dunder-proto cache-miss
1542 silly fetch manifest dunder-proto@^1.0.0
1543 silly packumentCache full:https://registry.npmjs.org/dunder-proto cache-miss
1544 silly fetch manifest side-channel@^1.1.0
1545 silly packumentCache full:https://registry.npmjs.org/side-channel cache-miss
1546 http cache https://registry.npmjs.org/is-data-view 7ms (cache hit)
1547 silly packumentCache full:https://registry.npmjs.org/is-data-view set size:13756 disposed:false
1548 silly fetch manifest is-typed-array@^1.1.13
1549 silly packumentCache full:https://registry.npmjs.org/is-typed-array cache-miss
1550 http cache https://registry.npmjs.org/is-array-buffer 7ms (cache hit)
1551 silly packumentCache full:https://registry.npmjs.org/is-array-buffer set size:33562 disposed:false
1552 silly fetch manifest which-typed-array@^1.1.16
1553 silly packumentCache full:https://registry.npmjs.org/which-typed-array cache-miss
1554 http cache https://registry.npmjs.org/is-typed-array 2ms (cache hit)
1555 silly packumentCache full:https://registry.npmjs.org/is-typed-array set size:79965 disposed:false
1556 silly fetch manifest set-function-name@^2.0.2
1557 silly packumentCache full:https://registry.npmjs.org/set-function-name cache-miss
1558 http cache https://registry.npmjs.org/which-typed-array 2ms (cache hit)
1559 silly packumentCache full:https://registry.npmjs.org/which-typed-array set size:109574 disposed:false
1560 silly fetch manifest isarray@^2.0.5
1561 silly packumentCache full:https://registry.npmjs.org/isarray cache-miss
1562 http fetch GET 200 https://registry.npmjs.org/functions-have-names 365ms (cache miss)
1563 silly packumentCache full:https://registry.npmjs.org/functions-have-names set size:undefined disposed:false
1564 silly fetch manifest isarray@^2.0.5
1565 silly packumentCache full:https://registry.npmjs.org/isarray cache-miss
1566 http fetch GET 200 https://registry.npmjs.org/dunder-proto 369ms (cache miss)
1567 silly packumentCache full:https://registry.npmjs.org/dunder-proto set size:undefined disposed:false
1568 silly fetch manifest for-each@^0.3.3
1569 silly packumentCache full:https://registry.npmjs.org/for-each cache-miss
1570 http fetch GET 200 https://registry.npmjs.org/dunder-proto 375ms (cache miss)
1571 silly packumentCache full:https://registry.npmjs.org/dunder-proto set size:undefined disposed:false
1572 silly fetch manifest for-each@^0.3.5
1573 silly packumentCache full:https://registry.npmjs.org/for-each cache-miss
1574 http fetch GET 200 https://registry.npmjs.org/possible-typed-array-names 380ms (cache miss)
1575 silly packumentCache full:https://registry.npmjs.org/possible-typed-array-names set size:undefined disposed:false
1576 silly fetch manifest reflect.getprototypeof@^1.0.10
1577 silly packumentCache full:https://registry.npmjs.org/reflect.getprototypeof cache-miss
1578 http fetch GET 200 https://registry.npmjs.org/side-channel 378ms (cache miss)
1579 silly packumentCache full:https://registry.npmjs.org/side-channel set size:undefined disposed:false
1580 silly fetch manifest for-each@^0.3.5
1581 silly packumentCache full:https://registry.npmjs.org/for-each cache-miss
1582 http fetch GET 200 https://registry.npmjs.org/isarray 371ms (cache miss)
1583 silly packumentCache full:https://registry.npmjs.org/isarray set size:undefined disposed:false
1584 silly fetch manifest possible-typed-array-names@^1.1.0
1585 silly packumentCache full:https://registry.npmjs.org/possible-typed-array-names cache-miss
1586 http cache https://registry.npmjs.org/possible-typed-array-names 1ms (cache hit)
1587 silly packumentCache full:https://registry.npmjs.org/possible-typed-array-names set size:9167 disposed:false
1588 silly fetch manifest reflect.getprototypeof@^1.0.10
1589 silly packumentCache full:https://registry.npmjs.org/reflect.getprototypeof cache-miss
1590 http fetch GET 200 https://registry.npmjs.org/set-function-name 376ms (cache miss)
1591 silly packumentCache full:https://registry.npmjs.org/set-function-name set size:undefined disposed:false
1592 silly fetch manifest has-bigints@^1.0.2
1593 silly packumentCache full:https://registry.npmjs.org/has-bigints cache-miss
1594 http fetch GET 200 https://registry.npmjs.org/is-date-object 414ms (cache miss)
1595 silly packumentCache full:https://registry.npmjs.org/is-date-object set size:undefined disposed:false
1596 silly fetch manifest which-boxed-primitive@^1.1.1
1597 silly packumentCache full:https://registry.npmjs.org/which-boxed-primitive cache-miss
1598 http fetch GET 200 https://registry.npmjs.org/es-abstract-get 415ms (cache miss)
1599 silly packumentCache full:https://registry.npmjs.org/es-abstract-get set size:undefined disposed:false
1600 silly fetch manifest for-each@^0.3.5
1601 silly packumentCache full:https://registry.npmjs.org/for-each cache-miss
1602 http fetch GET 200 https://registry.npmjs.org/is-document.all 415ms (cache miss)
1603 silly packumentCache full:https://registry.npmjs.org/is-document.all set size:undefined disposed:false
1604 http fetch GET 200 https://registry.npmjs.org/is-symbol 416ms (cache miss)
1605 silly packumentCache full:https://registry.npmjs.org/is-symbol set size:undefined disposed:false
1606 http fetch GET 200 https://registry.npmjs.org/isarray 370ms (cache miss)
1607 silly packumentCache full:https://registry.npmjs.org/isarray set size:undefined disposed:false
1608 http fetch GET 200 https://registry.npmjs.org/for-each 359ms (cache miss)
1609 silly packumentCache full:https://registry.npmjs.org/for-each set size:undefined disposed:false
1610 http fetch GET 200 https://registry.npmjs.org/for-each 370ms (cache miss)
1611 silly packumentCache full:https://registry.npmjs.org/for-each set size:undefined disposed:false
1612 http fetch GET 200 https://registry.npmjs.org/for-each 362ms (cache miss)
1613 silly packumentCache full:https://registry.npmjs.org/for-each set size:undefined disposed:false
1614 http fetch GET 200 https://registry.npmjs.org/reflect.getprototypeof 368ms (cache miss)
1615 silly packumentCache full:https://registry.npmjs.org/reflect.getprototypeof set size:undefined disposed:false
1616 http fetch GET 200 https://registry.npmjs.org/reflect.getprototypeof 374ms (cache miss)
1617 silly packumentCache full:https://registry.npmjs.org/reflect.getprototypeof set size:undefined disposed:false
1618 http fetch GET 200 https://registry.npmjs.org/has-bigints 372ms (cache miss)
1619 silly packumentCache full:https://registry.npmjs.org/has-bigints set size:undefined disposed:false
1620 http fetch GET 200 https://registry.npmjs.org/for-each 389ms (cache miss)
1621 silly packumentCache full:https://registry.npmjs.org/for-each set size:undefined disposed:false
1622 http fetch GET 200 https://registry.npmjs.org/which-boxed-primitive 391ms (cache miss)
1623 silly packumentCache full:https://registry.npmjs.org/which-boxed-primitive set size:undefined disposed:false
1624 silly placeDep ROOT possible-typed-array-names@1.1.0 OK for: available-typed-arrays@1.0.7 want: ^1.0.0
1625 silly placeDep ROOT has-tostringtag@1.0.2 OK for: es-set-tostringtag@2.1.0 want: ^1.0.2
1626 silly placeDep ROOT es-abstract-get@1.0.0 OK for: es-to-primitive@1.3.4 want: ^1.0.0
1627 silly placeDep ROOT is-date-object@1.1.0 OK for: es-to-primitive@1.3.4 want: ^1.1.0
1628 silly placeDep ROOT is-symbol@1.1.1 OK for: es-to-primitive@1.3.4 want: ^1.1.1
1629 silly placeDep node_modules/eslint-module-utils debug@3.2.7 OK for: eslint-module-utils@2.14.0 want: ^3.2.7
1630 silly placeDep ROOT aria-query@5.3.2 OK for: eslint-plugin-jsx-a11y@6.10.2 want: ^5.3.2
1631 silly placeDep ROOT ast-types-flow@0.0.8 OK for: eslint-plugin-jsx-a11y@6.10.2 want: ^0.0.8
1632 silly placeDep ROOT axe-core@4.13.0 OK for: eslint-plugin-jsx-a11y@6.10.2 want: ^4.10.0
1633 silly placeDep ROOT axobject-query@4.1.0 OK for: eslint-plugin-jsx-a11y@6.10.2 want: ^4.1.0
1634 silly placeDep ROOT damerau-levenshtein@1.0.8 OK for: eslint-plugin-jsx-a11y@6.10.2 want: ^1.0.8
1635 silly placeDep ROOT emoji-regex@9.2.2 OK for: eslint-plugin-jsx-a11y@6.10.2 want: ^9.2.2
1636 silly placeDep ROOT jsx-ast-utils@3.3.5 OK for: eslint-plugin-jsx-a11y@6.10.2 want: ^3.3.5
1637 silly placeDep ROOT language-tags@1.0.9 OK for: eslint-plugin-jsx-a11y@6.10.2 want: ^1.0.9
1638 silly placeDep ROOT string.prototype.includes@2.0.1 OK for: eslint-plugin-jsx-a11y@6.10.2 want: ^2.0.1
1639 silly fetch manifest language-subtag-registry@^0.3.20
1640 silly packumentCache full:https://registry.npmjs.org/language-subtag-registry cache-miss
1641 http fetch GET 200 https://registry.npmjs.org/language-subtag-registry 381ms (cache miss)
1642 silly packumentCache full:https://registry.npmjs.org/language-subtag-registry set size:undefined disposed:false
1643 silly placeDep ROOT array.prototype.findlast@1.2.5 OK for: eslint-plugin-react@7.37.5 want: ^1.2.5
1644 silly placeDep ROOT array.prototype.tosorted@1.1.4 OK for: eslint-plugin-react@7.37.5 want: ^1.1.4
1645 silly placeDep ROOT es-iterator-helpers@1.4.0 OK for: eslint-plugin-react@7.37.5 want: ^1.2.1
1646 silly placeDep ROOT estraverse@5.3.0 OK for: eslint-plugin-react@7.37.5 want: ^5.3.0
1647 silly placeDep ROOT object.entries@1.1.9 OK for: eslint-plugin-react@7.37.5 want: ^1.1.9
1648 silly placeDep ROOT prop-types@15.8.1 OK for: eslint-plugin-react@7.37.5 want: ^15.8.1
1649 silly placeDep ROOT string.prototype.matchall@4.1.0 OK for: eslint-plugin-react@7.37.5 want: ^4.0.12
1650 silly placeDep ROOT string.prototype.repeat@1.0.0 OK for: eslint-plugin-react@7.37.5 want: ^1.0.0
1651 silly fetch manifest iterator.prototype@^1.1.5
1652 silly packumentCache full:https://registry.npmjs.org/iterator.prototype cache-miss
1653 silly fetch manifest object-assign@^4.1.1
1654 silly packumentCache full:https://registry.npmjs.org/object-assign cache-miss
1655 silly fetch manifest react-is@^16.13.1
1656 silly packumentCache full:https://registry.npmjs.org/react-is cache-miss
1657 silly fetch manifest side-channel@^1.1.1
1658 silly packumentCache full:https://registry.npmjs.org/side-channel cache-miss
1659 http cache https://registry.npmjs.org/side-channel 5ms (cache hit)
1660 silly packumentCache full:https://registry.npmjs.org/side-channel set size:27650 disposed:false
1661 http fetch GET 200 https://registry.npmjs.org/object-assign 337ms (cache miss)
1662 silly packumentCache full:https://registry.npmjs.org/object-assign set size:undefined disposed:false
1663 http fetch GET 200 https://registry.npmjs.org/iterator.prototype 407ms (cache miss)
1664 silly packumentCache full:https://registry.npmjs.org/iterator.prototype set size:undefined disposed:false
1665 http fetch GET 200 https://registry.npmjs.org/react-is 621ms (cache miss)
1666 silly packumentCache full:https://registry.npmjs.org/react-is set size:undefined disposed:false
1667 silly placeDep ROOT iterator.prototype@1.1.5 OK for: es-iterator-helpers@1.4.0 want: ^1.1.5
1668 silly placeDep ROOT @babel/core@7.29.7 OK for: eslint-plugin-react-hooks@7.1.1 want: ^7.24.4
1669 silly placeDep ROOT @babel/parser@7.29.9 OK for: eslint-plugin-react-hooks@7.1.1 want: ^7.24.4
1670 silly placeDep ROOT hermes-parser@0.25.1 OK for: eslint-plugin-react-hooks@7.1.1 want: ^0.25.1
1671 silly placeDep ROOT zod@4.6.5 OK for: eslint-plugin-react-hooks@7.1.1 want: ^3.25.0 || ^4.0.0
1672 silly placeDep ROOT zod-validation-error@4.0.2 OK for: eslint-plugin-react-hooks@7.1.1 want: ^3.5.0 || ^4.0.0
1673 silly fetch manifest json5@^2.2.3
1674 silly packumentCache full:https://registry.npmjs.org/json5 cache-miss
1675 silly fetch manifest gensync@^1.0.0-beta.2
1676 silly packumentCache full:https://registry.npmjs.org/gensync cache-miss
1677 silly fetch manifest @babel/types@^7.29.7
1678 silly packumentCache full:https://registry.npmjs.org/@babel%2ftypes cache-miss
1679 silly fetch manifest @babel/parser@^7.29.7
1680 silly packumentCache full:https://registry.npmjs.org/@babel%2fparser cache-miss
1681 silly fetch manifest @babel/helpers@^7.29.7
1682 silly packumentCache full:https://registry.npmjs.org/@babel%2fhelpers cache-miss
1683 silly fetch manifest @babel/template@^7.29.7
1684 silly packumentCache full:https://registry.npmjs.org/@babel%2ftemplate cache-miss
1685 silly fetch manifest @babel/traverse@^7.29.7
1686 silly packumentCache full:https://registry.npmjs.org/@babel%2ftraverse cache-miss
1687 silly fetch manifest @babel/generator@^7.29.7
1688 silly packumentCache full:https://registry.npmjs.org/@babel%2fgenerator cache-miss
1689 silly fetch manifest @babel/code-frame@^7.29.7
1690 silly packumentCache full:https://registry.npmjs.org/@babel%2fcode-frame cache-miss
1691 silly fetch manifest convert-source-map@^2.0.0
1692 silly packumentCache full:https://registry.npmjs.org/convert-source-map cache-miss
1693 silly fetch manifest @jridgewell/remapping@^2.3.5
1694 silly packumentCache full:https://registry.npmjs.org/@jridgewell%2fremapping cache-miss
1695 http cache https://registry.npmjs.org/json5 6ms (cache hit)
1696 silly packumentCache full:https://registry.npmjs.org/json5 set size:86136 disposed:false
1697 silly fetch manifest @babel/helper-module-transforms@^7.29.7
1698 silly packumentCache full:https://registry.npmjs.org/@babel%2fhelper-module-transforms cache-miss
1699 http cache https://registry.npmjs.org/@babel%2fparser 14ms (cache hit)
1700 silly packumentCache full:https://registry.npmjs.org/@babel%2fparser set size:745724 disposed:false
1701 silly fetch manifest @babel/helper-compilation-targets@^7.29.7
1702 silly packumentCache full:https://registry.npmjs.org/@babel%2fhelper-compilation-targets cache-miss
1703 http fetch GET 200 https://registry.npmjs.org/gensync 350ms (cache miss)
1704 silly packumentCache full:https://registry.npmjs.org/gensync set size:undefined disposed:false
1705 silly fetch manifest @babel/types@^7.29.8
1706 silly packumentCache full:https://registry.npmjs.org/@babel%2ftypes cache-miss
1707 http fetch GET 200 https://registry.npmjs.org/@jridgewell%2fremapping 352ms (cache miss)
1708 silly packumentCache full:https://registry.npmjs.org/@jridgewell%2fremapping set size:undefined disposed:false
1709 silly fetch manifest hermes-estree@0.25.1
1710 silly packumentCache full:https://registry.npmjs.org/hermes-estree cache-miss
1711 http fetch GET 200 https://registry.npmjs.org/@babel%2fhelper-compilation-targets 353ms (cache miss)
1712 silly packumentCache full:https://registry.npmjs.org/@babel%2fhelper-compilation-targets set size:undefined disposed:false
1713 http fetch GET 200 https://registry.npmjs.org/@babel%2ftypes 411ms (cache miss)
1714 silly packumentCache full:https://registry.npmjs.org/@babel%2ftypes set size:undefined disposed:false
1715 http fetch GET 200 https://registry.npmjs.org/@babel%2ftemplate 412ms (cache miss)
1716 silly packumentCache full:https://registry.npmjs.org/@babel%2ftemplate set size:undefined disposed:false
1717 http fetch GET 200 https://registry.npmjs.org/convert-source-map 414ms (cache miss)
1718 silly packumentCache full:https://registry.npmjs.org/convert-source-map set size:undefined disposed:false
1719 http fetch GET 200 https://registry.npmjs.org/@babel%2fhelper-module-transforms 435ms (cache miss)
1720 silly packumentCache full:https://registry.npmjs.org/@babel%2fhelper-module-transforms set size:undefined disposed:false
1721 http fetch GET 200 https://registry.npmjs.org/@babel%2fgenerator 457ms (cache miss)
1722 silly packumentCache full:https://registry.npmjs.org/@babel%2fgenerator set size:undefined disposed:false
1723 http fetch GET 200 https://registry.npmjs.org/@babel%2fcode-frame 468ms (cache miss)
1724 silly packumentCache full:https://registry.npmjs.org/@babel%2fcode-frame set size:undefined disposed:false
1725 http fetch GET 200 https://registry.npmjs.org/@babel%2fhelpers 481ms (cache miss)
1726 silly packumentCache full:https://registry.npmjs.org/@babel%2fhelpers set size:undefined disposed:false
1727 http fetch GET 200 https://registry.npmjs.org/hermes-estree 383ms (cache miss)
1728 silly packumentCache full:https://registry.npmjs.org/hermes-estree set size:undefined disposed:false
1729 http fetch GET 200 https://registry.npmjs.org/@babel%2ftypes 431ms (cache miss)
1730 silly packumentCache full:https://registry.npmjs.org/@babel%2ftypes set size:undefined disposed:false
1731 http fetch GET 200 https://registry.npmjs.org/@babel%2ftraverse 810ms (cache miss)
1732 silly packumentCache full:https://registry.npmjs.org/@babel%2ftraverse set size:undefined disposed:false
1733 silly fetch manifest @babel/core@^7.0.0
1734 silly packumentCache full:https://registry.npmjs.org/@babel%2fcore cache-miss
1735 http cache https://registry.npmjs.org/@babel%2fcore 4ms (cache hit)
1736 silly packumentCache full:https://registry.npmjs.org/@babel%2fcore set size:797193 disposed:false
1737 silly placeDep ROOT @babel/code-frame@7.29.7 OK for: @babel/core@7.29.7 want: ^7.29.7
1738 silly placeDep ROOT @babel/generator@7.29.8 OK for: @babel/core@7.29.7 want: ^7.29.7
1739 silly placeDep ROOT @babel/helper-compilation-targets@7.29.7 OK for: @babel/core@7.29.7 want: ^7.29.7
1740 silly placeDep ROOT @babel/helper-module-transforms@7.29.7 OK for: @babel/core@7.29.7 want: ^7.29.7
1741 silly placeDep ROOT @babel/helpers@7.29.7 OK for: @babel/core@7.29.7 want: ^7.29.7
1742 silly placeDep ROOT @babel/template@7.29.7 OK for: @babel/core@7.29.7 want: ^7.29.7
1743 silly placeDep ROOT @babel/traverse@7.29.8 OK for: @babel/core@7.29.7 want: ^7.29.7
1744 silly placeDep ROOT @babel/types@7.29.8 OK for: @babel/core@7.29.7 want: ^7.29.7
1745 silly placeDep ROOT @jridgewell/remapping@2.3.5 OK for: @babel/core@7.29.7 want: ^2.3.5
1746 silly placeDep ROOT convert-source-map@2.0.0 OK for: @babel/core@7.29.7 want: ^2.0.0
1747 silly placeDep ROOT gensync@1.0.0-beta.2 OK for: @babel/core@7.29.7 want: ^1.0.0-beta.2
1748 silly placeDep ROOT json5@2.2.3 OK for: @babel/core@7.29.7 want: ^2.2.3
1749 silly fetch manifest @babel/helper-validator-identifier@^7.29.7
1750 silly packumentCache full:https://registry.npmjs.org/@babel%2fhelper-validator-identifier cache-miss
1751 silly fetch manifest jsesc@^3.0.2
1752 silly packumentCache full:https://registry.npmjs.org/jsesc cache-miss
1753 silly fetch manifest @jridgewell/gen-mapping@^0.3.12
1754 silly packumentCache full:https://registry.npmjs.org/@jridgewell%2fgen-mapping cache-miss
1755 silly fetch manifest @jridgewell/trace-mapping@^0.3.28
1756 silly packumentCache full:https://registry.npmjs.org/@jridgewell%2ftrace-mapping cache-miss
1757 silly fetch manifest lru-cache@^5.1.1
1758 silly packumentCache full:https://registry.npmjs.org/lru-cache cache-miss
1759 silly fetch manifest @babel/compat-data@^7.29.7
1760 silly packumentCache full:https://registry.npmjs.org/@babel%2fcompat-data cache-miss
1761 silly fetch manifest @babel/helper-validator-option@^7.29.7
1762 silly packumentCache full:https://registry.npmjs.org/@babel%2fhelper-validator-option cache-miss
1763 silly fetch manifest @babel/helper-module-imports@^7.29.7
1764 silly packumentCache full:https://registry.npmjs.org/@babel%2fhelper-module-imports cache-miss
1765 silly fetch manifest @babel/helper-validator-identifier@^7.29.7
1766 silly packumentCache full:https://registry.npmjs.org/@babel%2fhelper-validator-identifier cache-miss
1767 silly fetch manifest @babel/helper-globals@^7.29.7
1768 silly packumentCache full:https://registry.npmjs.org/@babel%2fhelper-globals cache-miss
1769 silly fetch manifest @babel/helper-string-parser@^7.29.7
1770 silly packumentCache full:https://registry.npmjs.org/@babel%2fhelper-string-parser cache-miss
1771 http fetch GET 200 https://registry.npmjs.org/@babel%2fhelper-validator-identifier 376ms (cache miss)
1772 silly packumentCache full:https://registry.npmjs.org/@babel%2fhelper-validator-identifier set size:undefined disposed:false
1773 silly fetch manifest @jridgewell/gen-mapping@^0.3.5
1774 silly packumentCache full:https://registry.npmjs.org/@jridgewell%2fgen-mapping cache-miss
1775 http fetch GET 200 https://registry.npmjs.org/@babel%2fhelper-validator-identifier 383ms (cache miss)
1776 silly packumentCache full:https://registry.npmjs.org/@babel%2fhelper-validator-identifier set size:undefined disposed:false
1777 silly fetch manifest @jridgewell/trace-mapping@^0.3.24
1778 silly packumentCache full:https://registry.npmjs.org/@jridgewell%2ftrace-mapping cache-miss
1779 http fetch GET 200 https://registry.npmjs.org/@babel%2fhelper-globals 385ms (cache miss)
1780 silly packumentCache full:https://registry.npmjs.org/@babel%2fhelper-globals set size:undefined disposed:false
1781 http fetch GET 200 https://registry.npmjs.org/jsesc 387ms (cache miss)
1782 silly packumentCache full:https://registry.npmjs.org/jsesc set size:undefined disposed:false
1783 http fetch GET 200 https://registry.npmjs.org/@babel%2fhelper-string-parser 400ms (cache miss)
1784 silly packumentCache full:https://registry.npmjs.org/@babel%2fhelper-string-parser set size:undefined disposed:false
1785 http fetch GET 200 https://registry.npmjs.org/@babel%2fcompat-data 519ms (cache miss)
1786 silly packumentCache full:https://registry.npmjs.org/@babel%2fcompat-data set size:undefined disposed:false
1787 http fetch GET 200 https://registry.npmjs.org/lru-cache 523ms (cache miss)
1788 silly packumentCache full:https://registry.npmjs.org/lru-cache set size:undefined disposed:false
1789 http fetch GET 200 https://registry.npmjs.org/@babel%2fhelper-module-imports 530ms (cache miss)
1790 silly packumentCache full:https://registry.npmjs.org/@babel%2fhelper-module-imports set size:undefined disposed:false
1791 http fetch GET 200 https://registry.npmjs.org/@babel%2fhelper-validator-option 533ms (cache miss)
1792 silly packumentCache full:https://registry.npmjs.org/@babel%2fhelper-validator-option set size:undefined disposed:false
1793 http fetch GET 200 https://registry.npmjs.org/@jridgewell%2ftrace-mapping 533ms (cache miss)
1794 silly packumentCache full:https://registry.npmjs.org/@jridgewell%2ftrace-mapping set size:undefined disposed:false
1795 http fetch GET 200 https://registry.npmjs.org/@jridgewell%2fgen-mapping 535ms (cache miss)
1796 silly packumentCache full:https://registry.npmjs.org/@jridgewell%2fgen-mapping set size:undefined disposed:false
1797 http fetch GET 200 https://registry.npmjs.org/@jridgewell%2fgen-mapping 450ms (cache miss)
1798 silly packumentCache full:https://registry.npmjs.org/@jridgewell%2fgen-mapping set size:undefined disposed:false
1799 http fetch GET 200 https://registry.npmjs.org/@jridgewell%2ftrace-mapping 444ms (cache miss)
1800 silly packumentCache full:https://registry.npmjs.org/@jridgewell%2ftrace-mapping set size:undefined disposed:false
1801 silly placeDep ROOT @babel/helper-validator-identifier@7.29.7 OK for: @babel/code-frame@7.29.7 want: ^7.29.7
1802 silly placeDep ROOT @jridgewell/gen-mapping@0.3.13 OK for: @babel/generator@7.29.8 want: ^0.3.12
1803 silly placeDep ROOT @jridgewell/trace-mapping@0.3.31 OK for: @babel/generator@7.29.8 want: ^0.3.28
1804 silly placeDep ROOT jsesc@3.1.0 OK for: @babel/generator@7.29.8 want: ^3.0.2
1805 silly fetch manifest @jridgewell/sourcemap-codec@^1.5.0
1806 silly packumentCache full:https://registry.npmjs.org/@jridgewell%2fsourcemap-codec cache-miss
1807 silly fetch manifest @jridgewell/resolve-uri@^3.1.0
1808 silly packumentCache full:https://registry.npmjs.org/@jridgewell%2fresolve-uri cache-miss
1809 silly fetch manifest @jridgewell/sourcemap-codec@^1.4.14
1810 silly packumentCache full:https://registry.npmjs.org/@jridgewell%2fsourcemap-codec cache-miss
1811 http fetch GET 200 https://registry.npmjs.org/@jridgewell%2fresolve-uri 373ms (cache miss)
1812 silly packumentCache full:https://registry.npmjs.org/@jridgewell%2fresolve-uri set size:undefined disposed:false
1813 http fetch GET 200 https://registry.npmjs.org/@jridgewell%2fsourcemap-codec 374ms (cache miss)
1814 silly packumentCache full:https://registry.npmjs.org/@jridgewell%2fsourcemap-codec set size:undefined disposed:false
1815 http fetch GET 200 https://registry.npmjs.org/@jridgewell%2fsourcemap-codec 383ms (cache miss)
1816 silly packumentCache full:https://registry.npmjs.org/@jridgewell%2fsourcemap-codec set size:undefined disposed:false
1817 silly placeDep ROOT @babel/compat-data@7.29.7 OK for: @babel/helper-compilation-targets@7.29.7 want: ^7.29.7
1818 silly placeDep ROOT @babel/helper-validator-option@7.29.7 OK for: @babel/helper-compilation-targets@7.29.7 want: ^7.29.7
1819 silly placeDep ROOT lru-cache@5.1.1 OK for: @babel/helper-compilation-targets@7.29.7 want: ^5.1.1
1820 silly fetch manifest yallist@^3.0.2
1821 silly packumentCache full:https://registry.npmjs.org/yallist cache-miss
1822 http fetch GET 200 https://registry.npmjs.org/yallist 382ms (cache miss)
1823 silly packumentCache full:https://registry.npmjs.org/yallist set size:undefined disposed:false
1824 silly placeDep ROOT @babel/helper-module-imports@7.29.7 OK for: @babel/helper-module-transforms@7.29.7 want: ^7.29.7
1825 silly placeDep ROOT @babel/helper-globals@7.29.7 OK for: @babel/traverse@7.29.8 want: ^7.29.7
1826 silly placeDep ROOT @babel/helper-string-parser@7.29.7 OK for: @babel/types@7.29.8 want: ^7.29.7
1827 silly placeDep ROOT @jridgewell/sourcemap-codec@1.6.0 OK for: @jridgewell/gen-mapping@0.3.13 want: ^1.5.0
1828 silly placeDep ROOT @jridgewell/resolve-uri@3.1.2 OK for: @jridgewell/trace-mapping@0.3.31 want: ^3.1.0
1829 silly placeDep ROOT esrecurse@4.3.0 OK for: eslint-scope@8.4.0 want: ^4.3.0
1830 silly placeDep ROOT acorn@8.18.0 OK for: espree@10.4.0 want: ^8.15.0
1831 silly placeDep ROOT acorn-jsx@5.3.2 OK for: espree@10.4.0 want: ^5.3.2
1832 silly placeDep ROOT @nodelib/fs.stat@2.0.5 OK for: fast-glob@3.3.1 want: ^2.0.2
1833 silly placeDep ROOT @nodelib/fs.walk@1.2.8 OK for: fast-glob@3.3.1 want: ^1.2.3
1834 silly placeDep node_modules/fast-glob glob-parent@5.1.2 OK for: fast-glob@3.3.1 want: ^5.1.2
1835 silly placeDep ROOT merge2@1.4.1 OK for: fast-glob@3.3.1 want: ^1.3.0
1836 silly placeDep ROOT micromatch@4.0.8 OK for: fast-glob@3.3.1 want: ^4.0.4
1837 silly fetch manifest fastq@^1.6.0
1838 silly packumentCache full:https://registry.npmjs.org/fastq cache-miss
1839 silly fetch manifest @nodelib/fs.scandir@2.1.5
1840 silly packumentCache full:https://registry.npmjs.org/@nodelib%2ffs.scandir cache-miss
1841 silly fetch manifest braces@^3.0.3
1842 silly packumentCache full:https://registry.npmjs.org/braces cache-miss
1843 silly fetch manifest picomatch@^2.3.1
1844 silly packumentCache full:https://registry.npmjs.org/picomatch cache-miss
1845 http cache https://registry.npmjs.org/picomatch 3ms (cache hit)
1846 silly packumentCache full:https://registry.npmjs.org/picomatch set size:134451 disposed:false
1847 http fetch GET 200 https://registry.npmjs.org/@nodelib%2ffs.scandir 389ms (cache miss)
1848 silly packumentCache full:https://registry.npmjs.org/@nodelib%2ffs.scandir set size:undefined disposed:false
1849 http fetch GET 200 https://registry.npmjs.org/braces 411ms (cache miss)
1850 silly packumentCache full:https://registry.npmjs.org/braces set size:undefined disposed:false
1851 http fetch GET 200 https://registry.npmjs.org/fastq 426ms (cache miss)
1852 silly packumentCache full:https://registry.npmjs.org/fastq set size:undefined disposed:false
1853 silly placeDep ROOT @nodelib/fs.scandir@2.1.5 OK for: @nodelib/fs.walk@1.2.8 want: 2.1.5
1854 silly placeDep ROOT fastq@1.20.3 OK for: @nodelib/fs.walk@1.2.8 want: ^1.6.0
1855 silly fetch manifest run-parallel@^1.1.9
1856 silly packumentCache full:https://registry.npmjs.org/run-parallel cache-miss
1857 silly fetch manifest reusify@^1.0.4
1858 silly packumentCache full:https://registry.npmjs.org/reusify cache-miss
1859 http fetch GET 200 https://registry.npmjs.org/reusify 373ms (cache miss)
1860 silly packumentCache full:https://registry.npmjs.org/reusify set size:undefined disposed:false
1861 http fetch GET 200 https://registry.npmjs.org/run-parallel 398ms (cache miss)
1862 silly packumentCache full:https://registry.npmjs.org/run-parallel set size:undefined disposed:false
1863 silly placeDep ROOT run-parallel@1.2.0 OK for: @nodelib/fs.scandir@2.1.5 want: ^1.1.9
1864 silly fetch manifest queue-microtask@^1.2.2
1865 silly packumentCache full:https://registry.npmjs.org/queue-microtask cache-miss
1866 http fetch GET 200 https://registry.npmjs.org/queue-microtask 380ms (cache miss)
1867 silly packumentCache full:https://registry.npmjs.org/queue-microtask set size:undefined disposed:false
1868 silly placeDep ROOT reusify@1.1.0 OK for: fastq@1.20.3 want: ^1.0.4
1869 silly placeDep ROOT flat-cache@4.0.1 OK for: file-entry-cache@8.0.0 want: ^4.0.0
1870 silly fetch manifest keyv@^4.5.4
1871 silly packumentCache full:https://registry.npmjs.org/keyv cache-miss
1872 silly fetch manifest flatted@^3.2.9
1873 silly packumentCache full:https://registry.npmjs.org/flatted cache-miss
1874 http fetch GET 200 https://registry.npmjs.org/keyv 366ms (cache miss)
1875 silly packumentCache full:https://registry.npmjs.org/keyv set size:undefined disposed:false
1876 http fetch GET 200 https://registry.npmjs.org/flatted 379ms (cache miss)
1877 silly packumentCache full:https://registry.npmjs.org/flatted set size:undefined disposed:false
1878 silly placeDep ROOT locate-path@6.0.0 OK for: find-up@5.0.0 want: ^6.0.0
1879 silly placeDep ROOT path-exists@4.0.0 OK for: find-up@5.0.0 want: ^4.0.0
1880 silly fetch manifest p-locate@^5.0.0
1881 silly packumentCache full:https://registry.npmjs.org/p-locate cache-miss
1882 http fetch GET 200 https://registry.npmjs.org/p-locate 384ms (cache miss)
1883 silly packumentCache full:https://registry.npmjs.org/p-locate set size:undefined disposed:false
1884 silly placeDep ROOT flatted@3.4.4 OK for: flat-cache@4.0.1 want: ^3.2.9
1885 silly placeDep ROOT keyv@4.5.4 OK for: flat-cache@4.0.1 want: ^4.5.4
1886 silly fetch manifest json-buffer@3.0.1
1887 silly packumentCache full:https://registry.npmjs.org/json-buffer cache-miss
1888 http fetch GET 200 https://registry.npmjs.org/json-buffer 373ms (cache miss)
1889 silly packumentCache full:https://registry.npmjs.org/json-buffer set size:undefined disposed:false
1890 silly placeDep ROOT functions-have-names@1.2.3 OK for: function.prototype.name@1.2.0 want: ^1.2.3
1891 silly placeDep ROOT is-document.all@1.0.0 OK for: function.prototype.name@1.2.0 want: ^1.0.0
1892 silly placeDep ROOT dunder-proto@1.0.1 OK for: get-proto@1.0.1 want: ^1.0.1
1893 silly placeDep ROOT resolve-pkg-maps@1.0.0 OK for: get-tsconfig@4.14.3 want: ^1.0.0
1894 silly placeDep ROOT hermes-estree@0.25.1 OK for: hermes-parser@0.25.1 want: 0.25.1
1895 silly placeDep ROOT parent-module@1.0.1 OK for: import-fresh@3.3.1 want: ^1.0.0
1896 silly placeDep ROOT resolve-from@4.0.0 OK for: import-fresh@3.3.1 want: ^4.0.0
1897 silly fetch manifest callsites@^3.0.0
1898 silly packumentCache full:https://registry.npmjs.org/callsites cache-miss
1899 http fetch GET 200 https://registry.npmjs.org/callsites 389ms (cache miss)
1900 silly packumentCache full:https://registry.npmjs.org/callsites set size:undefined disposed:false
1901 silly placeDep ROOT side-channel@1.1.1 OK for: internal-slot@1.1.0 want: ^1.1.0
1902 silly fetch manifest side-channel-list@^1.0.1
1903 silly packumentCache full:https://registry.npmjs.org/side-channel-list cache-miss
1904 silly fetch manifest side-channel-map@^1.0.1
1905 silly packumentCache full:https://registry.npmjs.org/side-channel-map cache-miss
1906 silly fetch manifest side-channel-weakmap@^1.0.2
1907 silly packumentCache full:https://registry.npmjs.org/side-channel-weakmap cache-miss
1908 http fetch GET 200 https://registry.npmjs.org/side-channel-list 355ms (cache miss)
1909 silly packumentCache full:https://registry.npmjs.org/side-channel-list set size:undefined disposed:false
1910 http fetch GET 200 https://registry.npmjs.org/side-channel-map 399ms (cache miss)
1911 silly packumentCache full:https://registry.npmjs.org/side-channel-map set size:undefined disposed:false
1912 http fetch GET 200 https://registry.npmjs.org/side-channel-weakmap 400ms (cache miss)
1913 silly packumentCache full:https://registry.npmjs.org/side-channel-weakmap set size:undefined disposed:false
1914 silly placeDep node_modules/is-bun-module semver@7.8.5 OK for: is-bun-module@2.0.0 want: ^7.7.1
1915 silly placeDep ROOT is-extglob@2.1.1 OK for: is-glob@4.0.3 want: ^2.1.1
1916 silly placeDep ROOT set-function-name@2.0.2 OK for: iterator.prototype@1.1.5 want: ^2.0.2
1917 silly placeDep ROOT argparse@2.0.1 OK for: js-yaml@4.3.2 want: ^2.0.1
1918 silly placeDep ROOT json-buffer@3.0.1 OK for: keyv@4.5.4 want: 3.0.1
1919 silly placeDep ROOT language-subtag-registry@0.3.23 OK for: language-tags@1.0.9 want: ^0.3.20
1920 silly placeDep ROOT prelude-ls@1.2.1 OK for: levn@0.4.1 want: ^1.2.1
1921 silly placeDep ROOT type-check@0.4.0 OK for: levn@0.4.1 want: ~0.4.0
1922 silly placeDep ROOT p-locate@5.0.0 OK for: locate-path@6.0.0 want: ^5.0.0
1923 silly fetch manifest p-limit@^3.0.2
1924 silly packumentCache full:https://registry.npmjs.org/p-limit cache-miss
1925 http fetch GET 200 https://registry.npmjs.org/p-limit 352ms (cache miss)
1926 silly packumentCache full:https://registry.npmjs.org/p-limit set size:undefined disposed:false
1927 silly placeDep ROOT yallist@3.1.1 OK for: lru-cache@5.1.1 want: ^3.0.2
1928 silly placeDep ROOT braces@3.0.3 OK for: micromatch@4.0.8 want: ^3.0.3
1929 silly placeDep ROOT picomatch@2.3.2 OK for: micromatch@4.0.8 want: ^2.3.1
1930 silly fetch manifest fill-range@^7.1.1
1931 silly packumentCache full:https://registry.npmjs.org/fill-range cache-miss
1932 http fetch GET 200 https://registry.npmjs.org/fill-range 404ms (cache miss)
1933 silly packumentCache full:https://registry.npmjs.org/fill-range set size:undefined disposed:false
1934 silly placeDep ROOT fill-range@7.1.1 OK for: braces@3.0.3 want: ^7.1.1
1935 silly fetch manifest to-regex-range@^5.0.1
1936 silly packumentCache full:https://registry.npmjs.org/to-regex-range cache-miss
1937 http fetch GET 200 https://registry.npmjs.org/to-regex-range 354ms (cache miss)
1938 silly packumentCache full:https://registry.npmjs.org/to-regex-range set size:undefined disposed:false
1939 silly placeDep ROOT to-regex-range@5.0.1 OK for: fill-range@7.1.1 want: ^5.0.1
1940 silly fetch manifest is-number@^7.0.0
1941 silly packumentCache full:https://registry.npmjs.org/is-number cache-miss
1942 http fetch GET 200 https://registry.npmjs.org/is-number 342ms (cache miss)
1943 silly packumentCache full:https://registry.npmjs.org/is-number set size:undefined disposed:false
1944 silly placeDep ROOT brace-expansion@1.1.21 OK for: minimatch@3.1.5 want: ^1.1.7
1945 silly fetch manifest concat-map@0.0.1
1946 silly packumentCache full:https://registry.npmjs.org/concat-map cache-miss
1947 silly fetch manifest balanced-match@^1.0.0
1948 silly packumentCache full:https://registry.npmjs.org/balanced-match cache-miss
1949 http fetch GET 200 https://registry.npmjs.org/concat-map 364ms (cache miss)
1950 silly packumentCache full:https://registry.npmjs.org/concat-map set size:undefined disposed:false
1951 http fetch GET 200 https://registry.npmjs.org/balanced-match 365ms (cache miss)
1952 silly packumentCache full:https://registry.npmjs.org/balanced-match set size:undefined disposed:false
1953 silly placeDep ROOT balanced-match@1.0.2 OK for: brace-expansion@1.1.21 want: ^1.0.0
1954 silly placeDep ROOT concat-map@0.0.1 OK for: brace-expansion@1.1.21 want: 0.0.1
1955 silly fetch manifest postcss@8.4.31
1956 silly packumentCache full:https://registry.npmjs.org/postcss cache-miss
1957 http cache https://registry.npmjs.org/postcss 3ms (cache hit)
1958 silly packumentCache full:https://registry.npmjs.org/postcss set size:766699 disposed:false
1959 silly placeDep node_modules/next postcss@8.4.31 OK for: next@14.2.35 want: 8.4.31
1960 silly placeDep ROOT deep-is@0.1.4 OK for: optionator@0.9.4 want: ^0.1.3
1961 silly placeDep ROOT fast-levenshtein@2.0.6 OK for: optionator@0.9.4 want: ^2.0.6
1962 silly placeDep ROOT word-wrap@1.2.5 OK for: optionator@0.9.4 want: ^1.2.5
1963 silly placeDep ROOT p-limit@3.1.0 OK for: p-locate@5.0.0 want: ^3.0.2
1964 silly fetch manifest yocto-queue@^0.1.0
1965 silly packumentCache full:https://registry.npmjs.org/yocto-queue cache-miss
1966 http fetch GET 200 https://registry.npmjs.org/yocto-queue 384ms (cache miss)
1967 silly packumentCache full:https://registry.npmjs.org/yocto-queue set size:undefined disposed:false
1968 silly placeDep ROOT yocto-queue@0.1.0 OK for: p-limit@3.1.0 want: ^0.1.0
1969 silly placeDep ROOT callsites@3.1.0 OK for: parent-module@1.0.1 want: ^3.0.0
1970 silly placeDep ROOT object-assign@4.1.1 OK for: prop-types@15.8.1 want: ^4.1.1
1971 silly placeDep ROOT react-is@16.13.1 OK for: prop-types@15.8.1 want: ^16.13.1
1972 silly placeDep ROOT node-exports-info@1.6.2 OK for: resolve@2.0.0-next.7 want: ^1.6.0
1973 silly placeDep ROOT path-parse@1.0.7 OK for: resolve@2.0.0-next.7 want: ^1.0.7
1974 silly placeDep ROOT supports-preserve-symlinks-flag@1.0.0 OK for: resolve@2.0.0-next.7 want: ^1.0.0
1975 silly placeDep ROOT queue-microtask@1.2.3 OK for: run-parallel@1.2.0 want: ^1.2.2
1976 silly placeDep ROOT isarray@2.0.5 OK for: safe-array-concat@1.1.4 want: ^2.0.5
1977 silly placeDep ROOT shebang-regex@3.0.0 OK for: shebang-command@2.0.0 want: ^3.0.0
1978 silly placeDep ROOT side-channel-list@1.0.1 OK for: side-channel@1.1.1 want: ^1.0.1
1979 silly placeDep ROOT side-channel-map@1.0.1 OK for: side-channel@1.1.1 want: ^1.0.1
1980 silly placeDep ROOT side-channel-weakmap@1.0.2 OK for: side-channel@1.1.1 want: ^1.0.2
1981 silly placeDep ROOT has-flag@4.0.0 OK for: supports-color@7.2.0 want: ^4.0.0
1982 silly placeDep node_modules/tinyglobby fdir@6.5.0 OK for: tinyglobby@0.2.17 want: ^6.5.0
1983 silly placeDep node_modules/tinyglobby picomatch@4.0.7 OK for: fdir@6.5.0 want: ^3 || ^4
1984 silly placeDep ROOT is-number@7.0.0 OK for: to-regex-range@5.0.1 want: ^7.0.0
1985 silly placeDep ROOT @types/json5@0.0.29 OK for: tsconfig-paths@3.15.0 want: ^0.0.29
1986 silly placeDep node_modules/tsconfig-paths json5@1.0.2 OK for: tsconfig-paths@3.15.0 want: ^1.0.2
1987 silly placeDep ROOT minimist@1.2.8 OK for: tsconfig-paths@3.15.0 want: ^1.2.6
1988 silly placeDep ROOT strip-bom@3.0.0 OK for: tsconfig-paths@3.15.0 want: ^3.0.0
1989 silly fetch manifest minimist@^1.2.0
1990 silly packumentCache full:https://registry.npmjs.org/minimist cache-miss
1991 http cache https://registry.npmjs.org/minimist 4ms (cache hit)
1992 silly packumentCache full:https://registry.npmjs.org/minimist set size:77063 disposed:false
1993 silly placeDep ROOT for-each@0.3.5 OK for: typed-array-byte-length@1.0.3 want: ^0.3.3
1994 silly placeDep ROOT reflect.getprototypeof@1.0.10 OK for: typed-array-byte-offset@1.0.5 want: ^1.0.10
1995 silly fetch manifest which-builtin-type@^1.2.1
1996 silly packumentCache full:https://registry.npmjs.org/which-builtin-type cache-miss
1997 http fetch GET 200 https://registry.npmjs.org/which-builtin-type 387ms (cache miss)
1998 silly packumentCache full:https://registry.npmjs.org/which-builtin-type set size:undefined disposed:false
1999 silly placeDep ROOT which-builtin-type@1.2.1 OK for: reflect.getprototypeof@1.0.10 want: ^1.2.1
2000 silly fetch manifest is-async-function@^2.0.0
2001 silly packumentCache full:https://registry.npmjs.org/is-async-function cache-miss
2002 silly fetch manifest is-finalizationregistry@^1.1.0
2003 silly packumentCache full:https://registry.npmjs.org/is-finalizationregistry cache-miss
2004 silly fetch manifest is-generator-function@^1.0.10
2005 silly packumentCache full:https://registry.npmjs.org/is-generator-function cache-miss
2006 silly fetch manifest which-boxed-primitive@^1.1.0
2007 silly packumentCache full:https://registry.npmjs.org/which-boxed-primitive cache-miss
2008 silly fetch manifest which-collection@^1.0.2
2009 silly packumentCache full:https://registry.npmjs.org/which-collection cache-miss
2010 http cache https://registry.npmjs.org/which-boxed-primitive 3ms (cache hit)
2011 silly packumentCache full:https://registry.npmjs.org/which-boxed-primitive set size:19407 disposed:false
2012 http fetch GET 200 https://registry.npmjs.org/which-collection 381ms (cache miss)
2013 silly packumentCache full:https://registry.npmjs.org/which-collection set size:undefined disposed:false
2014 http fetch GET 200 https://registry.npmjs.org/is-async-function 383ms (cache miss)
2015 silly packumentCache full:https://registry.npmjs.org/is-async-function set size:undefined disposed:false
2016 http fetch GET 200 https://registry.npmjs.org/is-finalizationregistry 392ms (cache miss)
2017 silly packumentCache full:https://registry.npmjs.org/is-finalizationregistry set size:undefined disposed:false
2018 http fetch GET 200 https://registry.npmjs.org/is-generator-function 401ms (cache miss)
2019 silly packumentCache full:https://registry.npmjs.org/is-generator-function set size:undefined disposed:false
2020 silly fetch manifest eslint@^8.57.0 || ^9.0.0 || ^10.0.0
2021 silly packumentCache full:https://registry.npmjs.org/eslint cache-miss
2022 http cache https://registry.npmjs.org/eslint 5ms (cache hit)
2023 silly packumentCache full:https://registry.npmjs.org/eslint set size:2085131 disposed:false
2024 silly placeDep ROOT @typescript-eslint/eslint-plugin@8.71.0 OK for: typescript-eslint@8.71.0 want: 8.71.0
2025 silly placeDep ROOT @typescript-eslint/parser@8.71.0 OK for: @typescript-eslint/eslint-plugin@8.71.0 want: ^8.71.0
2026 silly placeDep ROOT @typescript-eslint/typescript-estree@8.71.0 OK for: typescript-eslint@8.71.0 want: 8.71.0
2027 silly placeDep ROOT @typescript-eslint/utils@8.71.0 OK for: typescript-eslint@8.71.0 want: 8.71.0
2028 silly fetch manifest ignore@^7.0.5
2029 silly packumentCache full:https://registry.npmjs.org/ignore cache-miss
2030 silly fetch manifest ts-api-utils@^2.5.0
2031 silly packumentCache full:https://registry.npmjs.org/ts-api-utils cache-miss
2032 silly fetch manifest @typescript-eslint/type-utils@8.71.0
2033 silly packumentCache full:https://registry.npmjs.org/@typescript-eslint%2ftype-utils cache-miss
2034 silly fetch manifest @typescript-eslint/visitor-keys@8.71.0
2035 silly packumentCache full:https://registry.npmjs.org/@typescript-eslint%2fvisitor-keys cache-miss
2036 silly fetch manifest @typescript-eslint/scope-manager@8.71.0
2037 silly packumentCache full:https://registry.npmjs.org/@typescript-eslint%2fscope-manager cache-miss
2038 silly fetch manifest @typescript-eslint/types@8.71.0
2039 silly packumentCache full:https://registry.npmjs.org/@typescript-eslint%2ftypes cache-miss
2040 silly fetch manifest @typescript-eslint/visitor-keys@8.71.0
2041 silly packumentCache full:https://registry.npmjs.org/@typescript-eslint%2fvisitor-keys cache-miss
2042 silly fetch manifest @typescript-eslint/scope-manager@8.71.0
2043 silly packumentCache full:https://registry.npmjs.org/@typescript-eslint%2fscope-manager cache-miss
2044 silly fetch manifest semver@^7.7.3
2045 silly packumentCache full:https://registry.npmjs.org/semver cache-hit
2046 silly fetch manifest minimatch@^10.2.2
2047 silly packumentCache full:https://registry.npmjs.org/minimatch cache-hit
2048 silly fetch manifest ts-api-utils@^2.5.0
2049 silly packumentCache full:https://registry.npmjs.org/ts-api-utils cache-miss
2050 silly fetch manifest @typescript-eslint/types@8.71.0
2051 silly packumentCache full:https://registry.npmjs.org/@typescript-eslint%2ftypes cache-miss
2052 silly fetch manifest @typescript-eslint/visitor-keys@8.71.0
2053 silly packumentCache full:https://registry.npmjs.org/@typescript-eslint%2fvisitor-keys cache-miss
2054 http cache https://registry.npmjs.org/ignore 13ms (cache hit)
2055 silly packumentCache full:https://registry.npmjs.org/ignore set size:262735 disposed:false
2056 silly fetch manifest @typescript-eslint/tsconfig-utils@8.71.0
2057 silly packumentCache full:https://registry.npmjs.org/@typescript-eslint%2ftsconfig-utils cache-miss
2058 http fetch GET 200 https://registry.npmjs.org/ts-api-utils 467ms (cache miss)
2059 silly packumentCache full:https://registry.npmjs.org/ts-api-utils set size:undefined disposed:false
2060 silly fetch manifest @typescript-eslint/project-service@8.71.0
2061 silly packumentCache full:https://registry.npmjs.org/@typescript-eslint%2fproject-service cache-miss
2062 http fetch GET 200 https://registry.npmjs.org/@typescript-eslint%2fproject-service 3188ms (cache miss)
2063 silly packumentCache full:https://registry.npmjs.org/@typescript-eslint%2fproject-service set size:undefined disposed:false
2064 silly fetch manifest @typescript-eslint/types@8.71.0
2065 silly packumentCache full:https://registry.npmjs.org/@typescript-eslint%2ftypes cache-miss
2066 http fetch GET 200 https://registry.npmjs.org/ts-api-utils 3721ms (cache miss)
2067 silly packumentCache full:https://registry.npmjs.org/ts-api-utils set size:undefined disposed:false
2068 silly fetch manifest @typescript-eslint/scope-manager@8.71.0
2069 silly packumentCache full:https://registry.npmjs.org/@typescript-eslint%2fscope-manager cache-miss
2070 http fetch GET 200 https://registry.npmjs.org/@typescript-eslint%2ftype-utils 3926ms (cache miss)
2071 silly packumentCache full:https://registry.npmjs.org/@typescript-eslint%2ftype-utils set size:undefined disposed:false
2072 http fetch GET 200 https://registry.npmjs.org/@typescript-eslint%2fscope-manager 4209ms (cache miss)
2073 silly packumentCache full:https://registry.npmjs.org/@typescript-eslint%2fscope-manager set size:undefined disposed:false
2074 http fetch GET 200 https://registry.npmjs.org/@typescript-eslint%2fvisitor-keys 4270ms (cache miss)
2075 silly packumentCache full:https://registry.npmjs.org/@typescript-eslint%2fvisitor-keys set size:undefined disposed:false
2076 http fetch GET 200 https://registry.npmjs.org/@typescript-eslint%2ftypes 4337ms (cache miss)
2077 silly packumentCache full:https://registry.npmjs.org/@typescript-eslint%2ftypes set size:undefined disposed:false
2078 http fetch GET 200 https://registry.npmjs.org/@typescript-eslint%2fscope-manager 4402ms (cache miss)
2079 silly packumentCache full:https://registry.npmjs.org/@typescript-eslint%2fscope-manager set size:undefined disposed:false
2080 http fetch GET 200 https://registry.npmjs.org/@typescript-eslint%2ftsconfig-utils 4486ms (cache miss)
2081 silly packumentCache full:https://registry.npmjs.org/@typescript-eslint%2ftsconfig-utils set size:undefined disposed:false
2082 http fetch GET 200 https://registry.npmjs.org/@typescript-eslint%2ftypes 4532ms (cache miss)
2083 silly packumentCache full:https://registry.npmjs.org/@typescript-eslint%2ftypes set size:undefined disposed:false
2084 http fetch GET 200 https://registry.npmjs.org/@typescript-eslint%2fvisitor-keys 4684ms (cache miss)
2085 silly packumentCache full:https://registry.npmjs.org/@typescript-eslint%2fvisitor-keys set size:undefined disposed:false
2086 http fetch GET 200 https://registry.npmjs.org/@typescript-eslint%2ftypes 2273ms (cache miss)
2087 silly packumentCache full:https://registry.npmjs.org/@typescript-eslint%2ftypes set size:undefined disposed:false
2088 http fetch GET 200 https://registry.npmjs.org/@typescript-eslint%2fvisitor-keys 6533ms (cache miss)
2089 silly packumentCache full:https://registry.npmjs.org/@typescript-eslint%2fvisitor-keys set size:undefined disposed:false
2090 http fetch GET 200 https://registry.npmjs.org/@typescript-eslint%2fscope-manager 2907ms (cache miss)
2091 silly packumentCache full:https://registry.npmjs.org/@typescript-eslint%2fscope-manager set size:undefined disposed:false
2092 silly placeDep ROOT @typescript-eslint/scope-manager@8.71.0 OK for: @typescript-eslint/eslint-plugin@8.71.0 want: 8.71.0
2093 silly placeDep ROOT @typescript-eslint/type-utils@8.71.0 OK for: @typescript-eslint/eslint-plugin@8.71.0 want: 8.71.0
2094 silly placeDep ROOT @typescript-eslint/visitor-keys@8.71.0 OK for: @typescript-eslint/eslint-plugin@8.71.0 want: 8.71.0
2095 silly placeDep node_modules/@typescript-eslint/eslint-plugin ignore@7.0.11 OK for: @typescript-eslint/eslint-plugin@8.71.0 want: ^7.0.5
2096 silly placeDep ROOT ts-api-utils@2.5.0 OK for: @typescript-eslint/eslint-plugin@8.71.0 want: ^2.5.0
2097 silly fetch manifest eslint-visitor-keys@^5.0.0
2098 silly packumentCache full:https://registry.npmjs.org/eslint-visitor-keys cache-hit
2099 silly placeDep ROOT @typescript-eslint/types@8.71.0 OK for: @typescript-eslint/parser@8.71.0 want: 8.71.0
2100 silly placeDep ROOT @typescript-eslint/project-service@8.71.0 OK for: @typescript-eslint/typescript-estree@8.71.0 want: 8.71.0
2101 silly placeDep ROOT @typescript-eslint/tsconfig-utils@8.71.0 OK for: @typescript-eslint/typescript-estree@8.71.0 want: 8.71.0
2102 silly placeDep node_modules/@typescript-eslint/typescript-estree minimatch@10.2.6 OK for: @typescript-eslint/typescript-estree@8.71.0 want: ^10.2.2
2103 silly placeDep node_modules/@typescript-eslint/typescript-estree semver@7.8.5 OK for: @typescript-eslint/typescript-estree@8.71.0 want: ^7.7.3
2104 silly fetch manifest @typescript-eslint/tsconfig-utils@^8.71.0
2105 silly packumentCache full:https://registry.npmjs.org/@typescript-eslint%2ftsconfig-utils cache-miss
2106 http cache https://registry.npmjs.org/@typescript-eslint%2ftsconfig-utils 5ms (cache hit)
2107 silly packumentCache full:https://registry.npmjs.org/@typescript-eslint%2ftsconfig-utils set size:1965672 disposed:false
2108 silly placeDep node_modules/@typescript-eslint/visitor-keys eslint-visitor-keys@5.0.1 OK for: @typescript-eslint/visitor-keys@8.71.0 want: ^5.0.0
2109 silly placeDep ROOT has-bigints@1.1.0 OK for: unbox-primitive@1.1.0 want: ^1.0.2
2110 silly placeDep ROOT which-boxed-primitive@1.1.1 OK for: unbox-primitive@1.1.0 want: ^1.1.1
2111 silly fetch manifest is-bigint@^1.1.0
2112 silly packumentCache full:https://registry.npmjs.org/is-bigint cache-miss
2113 silly fetch manifest is-boolean-object@^1.2.1
2114 silly packumentCache full:https://registry.npmjs.org/is-boolean-object cache-miss
2115 silly fetch manifest is-number-object@^1.1.1
2116 silly packumentCache full:https://registry.npmjs.org/is-number-object cache-miss
2117 http fetch GET 200 https://registry.npmjs.org/is-number-object 343ms (cache miss)
2118 silly packumentCache full:https://registry.npmjs.org/is-number-object set size:undefined disposed:false
2119 http fetch GET 200 https://registry.npmjs.org/is-bigint 348ms (cache miss)
2120 silly packumentCache full:https://registry.npmjs.org/is-bigint set size:undefined disposed:false
2121 http fetch GET 200 https://registry.npmjs.org/is-boolean-object 362ms (cache miss)
2122 silly packumentCache full:https://registry.npmjs.org/is-boolean-object set size:undefined disposed:false
2123 silly placeDep ROOT @unrs/resolver-binding-android-arm-eabi@1.12.2 OK for: unrs-resolver@1.12.2 want: 1.12.2
2124 silly placeDep ROOT @unrs/resolver-binding-android-arm64@1.12.2 OK for: unrs-resolver@1.12.2 want: 1.12.2
2125 silly placeDep ROOT @unrs/resolver-binding-darwin-arm64@1.12.2 OK for: unrs-resolver@1.12.2 want: 1.12.2
2126 silly placeDep ROOT @unrs/resolver-binding-darwin-x64@1.12.2 OK for: unrs-resolver@1.12.2 want: 1.12.2
2127 silly placeDep ROOT @unrs/resolver-binding-freebsd-x64@1.12.2 OK for: unrs-resolver@1.12.2 want: 1.12.2
2128 silly placeDep ROOT @unrs/resolver-binding-linux-arm-gnueabihf@1.12.2 OK for: unrs-resolver@1.12.2 want: 1.12.2
2129 silly placeDep ROOT @unrs/resolver-binding-linux-arm-musleabihf@1.12.2 OK for: unrs-resolver@1.12.2 want: 1.12.2
2130 silly placeDep ROOT @unrs/resolver-binding-linux-arm64-gnu@1.12.2 OK for: unrs-resolver@1.12.2 want: 1.12.2
2131 silly placeDep ROOT @unrs/resolver-binding-linux-arm64-musl@1.12.2 OK for: unrs-resolver@1.12.2 want: 1.12.2
2132 silly placeDep ROOT @unrs/resolver-binding-linux-loong64-gnu@1.12.2 OK for: unrs-resolver@1.12.2 want: 1.12.2
2133 silly placeDep ROOT @unrs/resolver-binding-linux-loong64-musl@1.12.2 OK for: unrs-resolver@1.12.2 want: 1.12.2
2134 silly placeDep ROOT @unrs/resolver-binding-linux-ppc64-gnu@1.12.2 OK for: unrs-resolver@1.12.2 want: 1.12.2
2135 silly placeDep ROOT @unrs/resolver-binding-linux-riscv64-gnu@1.12.2 OK for: unrs-resolver@1.12.2 want: 1.12.2
2136 silly placeDep ROOT @unrs/resolver-binding-linux-riscv64-musl@1.12.2 OK for: unrs-resolver@1.12.2 want: 1.12.2
2137 silly placeDep ROOT @unrs/resolver-binding-linux-s390x-gnu@1.12.2 OK for: unrs-resolver@1.12.2 want: 1.12.2
2138 silly placeDep ROOT @unrs/resolver-binding-linux-x64-gnu@1.12.2 OK for: unrs-resolver@1.12.2 want: 1.12.2
2139 silly placeDep ROOT @unrs/resolver-binding-linux-x64-musl@1.12.2 OK for: unrs-resolver@1.12.2 want: 1.12.2
2140 silly placeDep ROOT @unrs/resolver-binding-openharmony-arm64@1.12.2 OK for: unrs-resolver@1.12.2 want: 1.12.2
2141 silly placeDep ROOT @unrs/resolver-binding-wasm32-wasi@1.12.2 OK for: unrs-resolver@1.12.2 want: 1.12.2
2142 silly placeDep ROOT @unrs/resolver-binding-win32-arm64-msvc@1.12.2 OK for: unrs-resolver@1.12.2 want: 1.12.2
2143 silly placeDep ROOT @unrs/resolver-binding-win32-ia32-msvc@1.12.2 OK for: unrs-resolver@1.12.2 want: 1.12.2
2144 silly placeDep ROOT @unrs/resolver-binding-win32-x64-msvc@1.12.2 OK for: unrs-resolver@1.12.2 want: 1.12.2
2145 silly placeDep ROOT napi-postinstall@0.3.4 OK for: unrs-resolver@1.12.2 want: ^0.3.4
2146 silly fetch manifest @napi-rs/wasm-runtime@^1.1.4
2147 silly packumentCache full:https://registry.npmjs.org/@napi-rs%2fwasm-runtime cache-miss
2148 silly fetch manifest @emnapi/core@1.10.0
2149 silly packumentCache full:https://registry.npmjs.org/@emnapi%2fcore cache-miss
2150 silly fetch manifest @emnapi/runtime@1.10.0
2151 silly packumentCache full:https://registry.npmjs.org/@emnapi%2fruntime cache-miss
2152 http fetch GET 200 https://registry.npmjs.org/@napi-rs%2fwasm-runtime 395ms (cache miss)
2153 silly packumentCache full:https://registry.npmjs.org/@napi-rs%2fwasm-runtime set size:undefined disposed:false
2154 http fetch GET 200 https://registry.npmjs.org/@emnapi%2fcore 429ms (cache miss)
2155 silly packumentCache full:https://registry.npmjs.org/@emnapi%2fcore set size:undefined disposed:false
2156 http fetch GET 200 https://registry.npmjs.org/@emnapi%2fruntime 431ms (cache miss)
2157 silly packumentCache full:https://registry.npmjs.org/@emnapi%2fruntime set size:undefined disposed:false
2158 silly placeDep ROOT @emnapi/core@1.10.0 OK for: @unrs/resolver-binding-wasm32-wasi@1.12.2 want: 1.10.0
2159 silly placeDep ROOT @emnapi/runtime@1.10.0 OK for: @unrs/resolver-binding-wasm32-wasi@1.12.2 want: 1.10.0
2160 silly placeDep ROOT @napi-rs/wasm-runtime@1.2.4 OK for: @unrs/resolver-binding-wasm32-wasi@1.12.2 want: ^1.1.4
2161 silly fetch manifest @emnapi/wasi-threads@1.2.1
2162 silly packumentCache full:https://registry.npmjs.org/@emnapi%2fwasi-threads cache-miss
2163 silly fetch manifest @tybys/wasm-util@^0.10.3
2164 silly packumentCache full:https://registry.npmjs.org/@tybys%2fwasm-util cache-miss
2165 http fetch GET 200 https://registry.npmjs.org/@emnapi%2fwasi-threads 385ms (cache miss)
2166 silly packumentCache full:https://registry.npmjs.org/@emnapi%2fwasi-threads set size:undefined disposed:false
2167 http fetch GET 200 https://registry.npmjs.org/@tybys%2fwasm-util 423ms (cache miss)
2168 silly packumentCache full:https://registry.npmjs.org/@tybys%2fwasm-util set size:undefined disposed:false
2169 silly placeDep ROOT @emnapi/wasi-threads@1.2.1 OK for: @emnapi/core@1.10.0 want: 1.2.1
2170 silly placeDep ROOT @tybys/wasm-util@0.10.4 OK for: @napi-rs/wasm-runtime@1.2.4 want: ^0.10.3
2171 silly placeDep ROOT escalade@3.2.0 OK for: update-browserslist-db@1.3.3 want: ^3.2.0
2172 silly placeDep ROOT punycode@2.3.1 OK for: uri-js@4.4.1 want: ^2.1.0
2173 silly placeDep ROOT isexe@2.0.0 OK for: which@2.0.2 want: ^2.0.0
2174 silly placeDep ROOT is-bigint@1.1.0 OK for: which-boxed-primitive@1.1.1 want: ^1.1.0
2175 silly placeDep ROOT is-boolean-object@1.2.2 OK for: which-boxed-primitive@1.1.1 want: ^1.2.1
2176 silly placeDep ROOT is-number-object@1.1.1 OK for: which-boxed-primitive@1.1.1 want: ^1.1.1
2177 silly placeDep ROOT is-async-function@2.1.1 OK for: which-builtin-type@1.2.1 want: ^2.0.0
2178 silly placeDep ROOT is-finalizationregistry@1.1.1 OK for: which-builtin-type@1.2.1 want: ^1.1.0
2179 silly placeDep ROOT is-generator-function@1.1.2 OK for: which-builtin-type@1.2.1 want: ^1.0.10
2180 silly placeDep ROOT which-collection@1.0.2 OK for: which-builtin-type@1.2.1 want: ^1.0.2
2181 silly fetch manifest async-function@^1.0.0
2182 silly packumentCache full:https://registry.npmjs.org/async-function cache-miss
2183 silly fetch manifest generator-function@^2.0.0
2184 silly packumentCache full:https://registry.npmjs.org/generator-function cache-miss
2185 silly fetch manifest is-map@^2.0.3
2186 silly packumentCache full:https://registry.npmjs.org/is-map cache-miss
2187 silly fetch manifest is-weakmap@^2.0.2
2188 silly packumentCache full:https://registry.npmjs.org/is-weakmap cache-miss
2189 silly fetch manifest is-weakset@^2.0.3
2190 silly packumentCache full:https://registry.npmjs.org/is-weakset cache-miss
2191 http fetch GET 200 https://registry.npmjs.org/is-weakset 349ms (cache miss)
2192 silly packumentCache full:https://registry.npmjs.org/is-weakset set size:undefined disposed:false
2193 http fetch GET 200 https://registry.npmjs.org/is-weakmap 351ms (cache miss)
2194 silly packumentCache full:https://registry.npmjs.org/is-weakmap set size:undefined disposed:false
2195 http fetch GET 200 https://registry.npmjs.org/async-function 358ms (cache miss)
2196 silly packumentCache full:https://registry.npmjs.org/async-function set size:undefined disposed:false
2197 http fetch GET 200 https://registry.npmjs.org/generator-function 363ms (cache miss)
2198 silly packumentCache full:https://registry.npmjs.org/generator-function set size:undefined disposed:false
2199 http fetch GET 200 https://registry.npmjs.org/is-map 390ms (cache miss)
2200 silly packumentCache full:https://registry.npmjs.org/is-map set size:undefined disposed:false
2201 silly placeDep ROOT async-function@1.0.0 OK for: is-async-function@2.1.1 want: ^1.0.0
2202 silly placeDep ROOT generator-function@2.0.1 OK for: is-generator-function@1.1.2 want: ^2.0.0
2203 silly placeDep ROOT is-map@2.0.3 OK for: which-collection@1.0.2 want: ^2.0.3
2204 silly placeDep ROOT is-weakmap@2.0.2 OK for: which-collection@1.0.2 want: ^2.0.2
2205 silly placeDep ROOT is-weakset@2.0.4 OK for: which-collection@1.0.2 want: ^2.0.3
2206 silly placeDep node_modules/@next/eslint-plugin-next eslint-visitor-keys@3.4.3 OK for: @eslint-community/eslint-utils@4.9.1 want: ^3.4.3
2207 silly placeDep node_modules/@typescript-eslint/typescript-estree brace-expansion@5.0.12 OK for: minimatch@10.2.6 want: ^5.0.8
2208 silly fetch manifest balanced-match@^4.0.2
2209 silly packumentCache full:https://registry.npmjs.org/balanced-match cache-miss
2210 http cache https://registry.npmjs.org/balanced-match 2ms (cache hit)
2211 silly packumentCache full:https://registry.npmjs.org/balanced-match set size:39082 disposed:false
2212 silly placeDep node_modules/@typescript-eslint/typescript-estree balanced-match@4.0.4 OK for: brace-expansion@5.0.12 want: ^4.0.2
2213 silly reify mark retired [
2213 silly reify   '/Users/macbook/Downloads/FrontEnd_Training/eagletech-store/node_modules/postcss'
2213 silly reify ]
2214 silly reify moves {
2214 silly reify   '/Users/macbook/Downloads/FrontEnd_Training/eagletech-store/node_modules/postcss': '/Users/macbook/Downloads/FrontEnd_Training/eagletech-store/node_modules/.postcss-akXnpSAC'
2214 silly reify }
2215 silly audit bulk request {
2215 silly audit   '@next/env': [ '14.2.35' ],
2215 silly audit   '@next/swc-darwin-arm64': [ '14.2.33' ],
2215 silly audit   '@next/swc-darwin-x64': [ '14.2.33' ],
2215 silly audit   '@next/swc-linux-arm64-gnu': [ '14.2.33' ],
2215 silly audit   '@next/swc-linux-arm64-musl': [ '14.2.33' ],
2215 silly audit   '@next/swc-linux-x64-gnu': [ '14.2.33' ],
2215 silly audit   '@next/swc-linux-x64-musl': [ '14.2.33' ],
2215 silly audit   '@next/swc-win32-arm64-msvc': [ '14.2.33' ],
2215 silly audit   '@next/swc-win32-ia32-msvc': [ '14.2.33' ],
2215 silly audit   '@next/swc-win32-x64-msvc': [ '14.2.33' ],
2215 silly audit   '@swc/counter': [ '0.1.3' ],
2215 silly audit   '@swc/helpers': [ '0.5.5' ],
2215 silly audit   busboy: [ '1.6.0' ],
2215 silly audit   'caniuse-lite': [ '1.0.30001814' ],
2215 silly audit   'client-only': [ '0.0.1' ],
2215 silly audit   'graceful-fs': [ '4.2.11' ],
2215 silly audit   'js-tokens': [ '4.0.0' ],
2215 silly audit   'loose-envify': [ '1.4.0' ],
2215 silly audit   nanoid: [ '3.3.19' ],
2215 silly audit   next: [ '14.2.35' ],
2215 silly audit   picocolors: [ '1.1.1' ],
2215 silly audit   react: [ '18.3.1' ],
2215 silly audit   'react-dom': [ '18.3.1' ],
2215 silly audit   scheduler: [ '0.23.2' ],
2215 silly audit   'source-map-js': [ '1.2.2' ],
2215 silly audit   streamsearch: [ '1.1.0' ],
2215 silly audit   'styled-jsx': [ '5.1.1' ],
2215 silly audit   tslib: [ '2.8.1' ],
2215 silly audit   '@types/node': [ '26.6.4' ],
2215 silly audit   '@types/react': [ '19.3.0' ],
2215 silly audit   '@types/react-dom': [ '19.3.0' ],
2215 silly audit   autoprefixer: [ '10.6.1' ],
2215 silly audit   'eslint-config-next': [ '16.3.8' ],
2215 silly audit   postcss: [ '8.5.28', '8.4.31' ],
2215 silly audit   tailwindcss: [ '4.3.3' ],
2215 silly audit   'undici-types': [ '8.9.0' ],
2215 silly audit   csstype: [ '3.2.3' ],
2215 silly audit   browserslist: [ '4.29.3' ],
2215 silly audit   'fraction.js': [ '5.3.4' ],
2215 silly audit   'postcss-value-parser': [ '4.2.0' ],
2215 silly audit   'baseline-browser-mapping': [ '2.11.27' ],
2215 silly audit   'electron-to-chromium': [ '1.5.443' ],
2215 silly audit   'node-releases': [ '2.0.57' ],
2215 silly audit   'update-browserslist-db': [ '1.3.3' ],
2215 silly audit   '@eslint-community/eslint-utils': [ '4.10.1', '4.9.1' ],
2215 silly audit   '@eslint-community/regexpp': [ '4.12.2' ],
2215 silly audit   '@humanfs/node': [ '0.16.8' ],
2215 silly audit   '@humanwhocodes/module-importer': [ '1.0.1' ],
2215 silly audit   '@humanwhocodes/retry': [ '0.4.3' ],
2215 silly audit   ajv: [ '6.15.0' ],
2215 silly audit   'cross-spawn': [ '7.0.6' ],
2215 silly audit   debug: [ '4.4.3', '3.2.7' ],
2215 silly audit   'escape-string-regexp': [ '4.0.0' ],
2215 silly audit   'eslint-visitor-keys': [ '3.4.3', '4.2.1', '5.0.1' ],
2215 silly audit   esquery: [ '1.7.0' ],
2215 silly audit   esutils: [ '2.0.3' ],
2215 silly audit   'fast-deep-equal': [ '3.1.3' ],
2215 silly audit   'find-up': [ '5.0.0' ],
2215 silly audit   'glob-parent': [ '6.0.2', '5.1.2' ],
2215 silly audit   ignore: [ '5.3.2', '7.0.11' ],
2215 silly audit   imurmurhash: [ '0.1.4' ],
2215 silly audit   'is-glob': [ '4.0.3' ],
2215 silly audit   'json-stable-stringify-without-jsonify': [ '1.0.1' ],
2215 silly audit   'natural-compare': [ '1.4.0' ],
2215 silly audit   optionator: [ '0.9.4' ],
2215 silly audit   levn: [ '0.4.1' ],
2215 silly audit   '@humanfs/core': [ '0.19.2' ],
2215 silly audit   '@humanfs/types': [ '0.15.0' ],
2215 silly audit   'fast-json-stable-stringify': [ '2.1.0' ],
2215 silly audit   'json-schema-traverse': [ '0.4.1' ],
2215 silly audit   'uri-js': [ '4.4.1' ],
2215 silly audit   'path-key': [ '3.1.1' ],
2215 silly audit   'shebang-command': [ '2.0.0' ],
2215 silly audit   which: [ '2.0.2' ],
2215 silly audit   ms: [ '2.1.3' ],
2215 silly audit   '@next/eslint-plugin-next': [ '16.3.8' ],
2215 silly audit   'eslint-import-resolver-node': [ '0.3.10' ],
2215 silly audit   'eslint-import-resolver-typescript': [ '3.10.1' ],
2215 silly audit   'eslint-plugin-import': [ '2.32.0' ],
2215 silly audit   eslint: [ '9.39.5' ],
2215 silly audit   'eslint-plugin-jsx-a11y': [ '6.10.2' ],
2215 silly audit   'eslint-plugin-react': [ '7.37.5' ],
2215 silly audit   'eslint-plugin-react-hooks': [ '7.1.1' ],
2215 silly audit   globals: [ '16.4.0', '14.0.0' ],
2215 silly audit   'typescript-eslint': [ '8.71.0' ],
2215 silly audit   typescript: [ '6.0.3' ],
2215 silly audit   'fast-glob': [ '3.3.1' ],
2215 silly audit   '@eslint/config-array': [ '0.21.2' ],
2215 silly audit   '@eslint/config-helpers': [ '0.4.2' ],
2215 silly audit   '@eslint/core': [ '0.17.0' ],
2215 silly audit   '@eslint/eslintrc': [ '3.3.7' ],
2215 silly audit   '@eslint/js': [ '9.39.5' ],
2215 silly audit   '@eslint/plugin-kit': [ '0.4.1' ],
2215 silly audit   '@types/estree': [ '1.0.9' ],
2215 silly audit   chalk: [ '4.1.2' ],
2215 silly audit   'eslint-scope': [ '8.4.0' ],
2215 silly audit   espree: [ '10.4.0' ],
2215 silly audit   'file-entry-cache': [ '8.0.0' ],
2215 silly audit   'lodash.merge': [ '4.6.2' ],
2215 silly audit   minimatch: [ '3.1.5', '10.2.6' ],
2215 silly audit   '@eslint/object-schema': [ '2.1.7' ],
2215 silly audit   '@types/json-schema': [ '7.0.15' ],
2215 silly audit   'import-fresh': [ '3.3.1' ],
2215 silly audit   'js-yaml': [ '4.3.2' ],
2215 silly audit   'strip-json-comments': [ '3.1.1' ],
2215 silly audit   'ansi-styles': [ '4.3.0' ],
2215 silly audit   'supports-color': [ '7.2.0' ],
2215 silly audit   'color-convert': [ '2.0.1' ],
2215 silly audit   'color-name': [ '1.1.4' ],
2215 silly audit   'is-core-module': [ '2.17.0' ],
2215 silly audit   resolve: [ '2.0.0-next.7' ],
2215 silly audit   '@nolyfill/is-core-module': [ '1.0.39' ],
2215 silly audit   'get-tsconfig': [ '4.14.3' ],
2215 silly audit   'is-bun-module': [ '2.0.0' ],
2215 silly audit   'stable-hash': [ '0.0.5' ],
2215 silly audit   tinyglobby: [ '0.2.17' ],
2215 silly audit   'unrs-resolver': [ '1.12.2' ],
2215 silly audit   '@rtsao/scc': [ '1.1.0' ],
2215 silly audit   'array-includes': [ '3.2.0' ],
2215 silly audit   'array.prototype.findlastindex': [ '1.2.6' ],
2215 silly audit   'array.prototype.flat': [ '1.3.3' ],
2215 silly audit   'array.prototype.flatmap': [ '1.3.3' ],
2215 silly audit   doctrine: [ '2.1.0' ],
2215 silly audit   'eslint-module-utils': [ '2.14.0' ],
2215 silly audit   hasown: [ '2.0.4' ],
2215 silly audit   'object.fromentries': [ '2.0.8' ],
2215 silly audit   'object.groupby': [ '1.0.3' ],
2215 silly audit   'object.values': [ '1.2.1' ],
2215 silly audit   semver: [ '6.3.1', '7.8.5' ],
2215 silly audit   'string.prototype.trimend': [ '1.0.10' ],
2215 silly audit   'tsconfig-paths': [ '3.15.0' ],
2215 silly audit   'call-bind': [ '1.0.9' ],
2215 silly audit   'call-bound': [ '1.0.4' ],
2215 silly audit   'define-properties': [ '1.2.1' ],
2215 silly audit   'es-abstract': [ '1.24.2' ],
2215 silly audit   'es-object-atoms': [ '1.1.2' ],
2215 silly audit   'es-shim-unscopables': [ '1.1.0' ],
2215 silly audit   'is-string': [ '1.1.1' ],
2215 silly audit   'math-intrinsics': [ '1.1.0' ],
2215 silly audit   'es-errors': [ '1.3.0' ],
2215 silly audit   'call-bind-apply-helpers': [ '1.0.2' ],
2215 silly audit   'es-define-property': [ '1.0.1' ],
2215 silly audit   'get-intrinsic': [ '1.3.0' ],
2215 silly audit   'set-function-length': [ '1.2.2' ],
2215 silly audit   'function-bind': [ '1.1.2' ],
2215 silly audit   'define-data-property': [ '1.1.4' ],
2215 silly audit   'has-property-descriptors': [ '1.0.2' ],
2215 silly audit   'object-keys': [ '1.1.1' ],
2215 silly audit   gopd: [ '1.2.0' ],
2215 silly audit   'array-buffer-byte-length': [ '1.0.2' ],
2215 silly audit   'arraybuffer.prototype.slice': [ '1.0.4' ],
2215 silly audit   'available-typed-arrays': [ '1.0.7' ],
2215 silly audit   'data-view-buffer': [ '1.0.2' ],
2215 silly audit   'data-view-byte-length': [ '1.0.2' ],
2215 silly audit   'data-view-byte-offset': [ '1.0.1' ],
2215 silly audit   'es-set-tostringtag': [ '2.1.0' ],
2215 silly audit   'es-to-primitive': [ '1.3.4' ],
2215 silly audit   'function.prototype.name': [ '1.2.0' ],
2215 silly audit   'get-proto': [ '1.0.1' ],
2215 silly audit   'get-symbol-description': [ '1.1.0' ],
2215 silly audit   globalthis: [ '1.0.4' ],
2215 silly audit   'has-proto': [ '1.2.0' ],
2215 silly audit   'has-symbols': [ '1.1.0' ],
2215 silly audit   'internal-slot': [ '1.1.0' ],
2215 silly audit   'is-array-buffer': [ '3.0.5' ],
2215 silly audit   'is-callable': [ '1.2.7' ],
2215 silly audit   'is-data-view': [ '1.0.2' ],
2215 silly audit   'is-negative-zero': [ '2.0.3' ],
2215 silly audit   'is-regex': [ '1.2.1' ],
2215 silly audit   'is-set': [ '2.0.3' ],
2215 silly audit   'is-shared-array-buffer': [ '1.0.4' ],
2215 silly audit   'is-typed-array': [ '1.1.15' ],
2215 silly audit   'is-weakref': [ '1.1.1' ],
2215 silly audit   'object-inspect': [ '1.13.4' ],
2215 silly audit   'object.assign': [ '4.1.7' ],
2215 silly audit   'own-keys': [ '1.0.2' ],
2215 silly audit   'regexp.prototype.flags': [ '1.5.4' ],
2215 silly audit   'safe-array-concat': [ '1.1.4' ],
2215 silly audit   'safe-push-apply': [ '1.0.0' ],
2215 silly audit   'safe-regex-test': [ '1.1.0' ],
2215 silly audit   'set-proto': [ '1.0.0' ],
2215 silly audit   'stop-iteration-iterator': [ '1.1.0' ],
2215 silly audit   'string.prototype.trim': [ '1.2.11' ],
2215 silly audit   'string.prototype.trimstart': [ '1.0.8' ],
2215 silly audit   'typed-array-buffer': [ '1.0.3' ],
2215 silly audit   'typed-array-byte-length': [ '1.0.3' ],
2215 silly audit   'typed-array-byte-offset': [ '1.0.5' ],
2215 silly audit   'typed-array-length': [ '1.0.8' ],
2215 silly audit   'unbox-primitive': [ '1.1.0' ],
2215 silly audit   'which-typed-array': [ '1.1.24' ],
2215 silly audit   'possible-typed-array-names': [ '1.1.0' ],
2215 silly audit   'has-tostringtag': [ '1.0.2' ],
2215 silly audit   'es-abstract-get': [ '1.0.0' ],
2215 silly audit   'is-date-object': [ '1.1.0' ],
2215 silly audit   'is-symbol': [ '1.1.1' ],
2215 silly audit   'aria-query': [ '5.3.2' ],
2215 silly audit   'ast-types-flow': [ '0.0.8' ],
2215 silly audit   'axe-core': [ '4.13.0' ],
2215 silly audit   'axobject-query': [ '4.1.0' ],
2215 silly audit   'damerau-levenshtein': [ '1.0.8' ],
2215 silly audit   'emoji-regex': [ '9.2.2' ],
2215 silly audit   'jsx-ast-utils': [ '3.3.5' ],
2215 silly audit   'language-tags': [ '1.0.9' ],
2215 silly audit   'string.prototype.includes': [ '2.0.1' ],
2215 silly audit   'array.prototype.findlast': [ '1.2.5' ],
2215 silly audit   'array.prototype.tosorted': [ '1.1.4' ],
2215 silly audit   'es-iterator-helpers': [ '1.4.0' ],
2215 silly audit   estraverse: [ '5.3.0' ],
2215 silly audit   'object.entries': [ '1.1.9' ],
2215 silly audit   'prop-types': [ '15.8.1' ],
2215 silly audit   'string.prototype.matchall': [ '4.1.0' ],
2215 silly audit   'string.prototype.repeat': [ '1.0.0' ],
2215 silly audit   'iterator.prototype': [ '1.1.5' ],
2215 silly audit   '@babel/core': [ '7.29.7' ],
2215 silly audit   '@babel/parser': [ '7.29.9' ],
2215 silly audit   'hermes-parser': [ '0.25.1' ],
2215 silly audit   zod: [ '4.6.5' ],
2215 silly audit   'zod-validation-error': [ '4.0.2' ],
2215 silly audit   '@babel/code-frame': [ '7.29.7' ],
2215 silly audit   '@babel/generator': [ '7.29.8' ],
2215 silly audit   '@babel/helper-compilation-targets': [ '7.29.7' ],
2215 silly audit   '@babel/helper-module-transforms': [ '7.29.7' ],
2215 silly audit   '@babel/helpers': [ '7.29.7' ],
2215 silly audit   '@babel/template': [ '7.29.7' ],
2215 silly audit   '@babel/traverse': [ '7.29.8' ],
2215 silly audit   '@babel/types': [ '7.29.8' ],
2215 silly audit   '@jridgewell/remapping': [ '2.3.5' ],
2215 silly audit   'convert-source-map': [ '2.0.0' ],
2215 silly audit   gensync: [ '1.0.0-beta.2' ],
2215 silly audit   json5: [ '2.2.3', '1.0.2' ],
2215 silly audit   '@babel/helper-validator-identifier': [ '7.29.7' ],
2215 silly audit   '@jridgewell/gen-mapping': [ '0.3.13' ],
2215 silly audit   '@jridgewell/trace-mapping': [ '0.3.31' ],
2215 silly audit   jsesc: [ '3.1.0' ],
2215 silly audit   '@babel/compat-data': [ '7.29.7' ],
2215 silly audit   '@babel/helper-validator-option': [ '7.29.7' ],
2215 silly audit   'lru-cache': [ '5.1.1' ],
2215 silly audit   '@babel/helper-module-imports': [ '7.29.7' ],
2215 silly audit   '@babel/helper-globals': [ '7.29.7' ],
2215 silly audit   '@babel/helper-string-parser': [ '7.29.7' ],
2215 silly audit   '@jridgewell/sourcemap-codec': [ '1.6.0' ],
2215 silly audit   '@jridgewell/resolve-uri': [ '3.1.2' ],
2215 silly audit   esrecurse: [ '4.3.0' ],
2215 silly audit   acorn: [ '8.18.0' ],
2215 silly audit   'acorn-jsx': [ '5.3.2' ],
2215 silly audit   '@nodelib/fs.stat': [ '2.0.5' ],
2215 silly audit   '@nodelib/fs.walk': [ '1.2.8' ],
2215 silly audit   merge2: [ '1.4.1' ],
2215 silly audit   micromatch: [ '4.0.8' ],
2215 silly audit   '@nodelib/fs.scandir': [ '2.1.5' ],
2215 silly audit   fastq: [ '1.20.3' ],
2215 silly audit   'run-parallel': [ '1.2.0' ],
2215 silly audit   reusify: [ '1.1.0' ],
2215 silly audit   'flat-cache': [ '4.0.1' ],
2215 silly audit   'locate-path': [ '6.0.0' ],
2215 silly audit   'path-exists': [ '4.0.0' ],
2215 silly audit   flatted: [ '3.4.4' ],
2215 silly audit   keyv: [ '4.5.4' ],
2215 silly audit   'functions-have-names': [ '1.2.3' ],
2215 silly audit   'is-document.all': [ '1.0.0' ],
2215 silly audit   'dunder-proto': [ '1.0.1' ],
2215 silly audit   'resolve-pkg-maps': [ '1.0.0' ],
2215 silly audit   'hermes-estree': [ '0.25.1' ],
2215 silly audit   'parent-module': [ '1.0.1' ],
2215 silly audit   'resolve-from': [ '4.0.0' ],
2215 silly audit   'side-channel': [ '1.1.1' ],
2215 silly audit   'is-extglob': [ '2.1.1' ],
2215 silly audit   'set-function-name': [ '2.0.2' ],
2215 silly audit   argparse: [ '2.0.1' ],
2215 silly audit   'json-buffer': [ '3.0.1' ],
2215 silly audit   'language-subtag-registry': [ '0.3.23' ],
2215 silly audit   'prelude-ls': [ '1.2.1' ],
2215 silly audit   'type-check': [ '0.4.0' ],
2215 silly audit   'p-locate': [ '5.0.0' ],
2215 silly audit   yallist: [ '3.1.1' ],
2215 silly audit   braces: [ '3.0.3' ],
2215 silly audit   picomatch: [ '2.3.2', '4.0.7' ],
2215 silly audit   'fill-range': [ '7.1.1' ],
2215 silly audit   'to-regex-range': [ '5.0.1' ],
2215 silly audit   'brace-expansion': [ '1.1.21', '5.0.12' ],
2215 silly audit   'balanced-match': [ '1.0.2', '4.0.4' ],
2215 silly audit   'concat-map': [ '0.0.1' ],
2215 silly audit   'deep-is': [ '0.1.4' ],
2215 silly audit   'fast-levenshtein': [ '2.0.6' ],
2215 silly audit   'word-wrap': [ '1.2.5' ],
2215 silly audit   'p-limit': [ '3.1.0' ],
2215 silly audit   'yocto-queue': [ '0.1.0' ],
2215 silly audit   callsites: [ '3.1.0' ],
2215 silly audit   'object-assign': [ '4.1.1' ],
2215 silly audit   'react-is': [ '16.13.1' ],
2215 silly audit   'node-exports-info': [ '1.6.2' ],
2215 silly audit   'path-parse': [ '1.0.7' ],
2215 silly audit   'supports-preserve-symlinks-flag': [ '1.0.0' ],
2215 silly audit   'queue-microtask': [ '1.2.3' ],
2215 silly audit   isarray: [ '2.0.5' ],
2215 silly audit   'shebang-regex': [ '3.0.0' ],
2215 silly audit   'side-channel-list': [ '1.0.1' ],
2215 silly audit   'side-channel-map': [ '1.0.1' ],
2215 silly audit   'side-channel-weakmap': [ '1.0.2' ],
2215 silly audit   'has-flag': [ '4.0.0' ],
2215 silly audit   fdir: [ '6.5.0' ],
2215 silly audit   'is-number': [ '7.0.0' ],
2215 silly audit   '@types/json5': [ '0.0.29' ],
2215 silly audit   minimist: [ '1.2.8' ],
2215 silly audit   'strip-bom': [ '3.0.0' ],
2215 silly audit   'for-each': [ '0.3.5' ],
2215 silly audit   'reflect.getprototypeof': [ '1.0.10' ],
2215 silly audit   'which-builtin-type': [ '1.2.1' ],
2215 silly audit   '@typescript-eslint/eslint-plugin': [ '8.71.0' ],
2215 silly audit   '@typescript-eslint/parser': [ '8.71.0' ],
2215 silly audit   '@typescript-eslint/typescript-estree': [ '8.71.0' ],
2215 silly audit   '@typescript-eslint/utils': [ '8.71.0' ],
2215 silly audit   '@typescript-eslint/scope-manager': [ '8.71.0' ],
2215 silly audit   '@typescript-eslint/type-utils': [ '8.71.0' ],
2215 silly audit   '@typescript-eslint/visitor-keys': [ '8.71.0' ],
2215 silly audit   'ts-api-utils': [ '2.5.0' ],
2215 silly audit   '@typescript-eslint/types': [ '8.71.0' ],
2215 silly audit   '@typescript-eslint/project-service': [ '8.71.0' ],
2215 silly audit   '@typescript-eslint/tsconfig-utils': [ '8.71.0' ],
2215 silly audit   'has-bigints': [ '1.1.0' ],
2215 silly audit   'which-boxed-primitive': [ '1.1.1' ],
2215 silly audit   '@unrs/resolver-binding-android-arm-eabi': [ '1.12.2' ],
2215 silly audit   '@unrs/resolver-binding-android-arm64': [ '1.12.2' ],
2215 silly audit   '@unrs/resolver-binding-darwin-arm64': [ '1.12.2' ],
2215 silly audit   '@unrs/resolver-binding-darwin-x64': [ '1.12.2' ],
2215 silly audit   '@unrs/resolver-binding-freebsd-x64': [ '1.12.2' ],
2215 silly audit   '@unrs/resolver-binding-linux-arm-gnueabihf': [ '1.12.2' ],
2215 silly audit   '@unrs/resolver-binding-linux-arm-musleabihf': [ '1.12.2' ],
2215 silly audit   '@unrs/resolver-binding-linux-arm64-gnu': [ '1.12.2' ],
2215 silly audit   '@unrs/resolver-binding-linux-arm64-musl': [ '1.12.2' ],
2215 silly audit   '@unrs/resolver-binding-linux-loong64-gnu': [ '1.12.2' ],
2215 silly audit   '@unrs/resolver-binding-linux-loong64-musl': [ '1.12.2' ],
2215 silly audit   '@unrs/resolver-binding-linux-ppc64-gnu': [ '1.12.2' ],
2215 silly audit   '@unrs/resolver-binding-linux-riscv64-gnu': [ '1.12.2' ],
2215 silly audit   '@unrs/resolver-binding-linux-riscv64-musl': [ '1.12.2' ],
2215 silly audit   '@unrs/resolver-binding-linux-s390x-gnu': [ '1.12.2' ],
2215 silly audit   '@unrs/resolver-binding-linux-x64-gnu': [ '1.12.2' ],
2215 silly audit   '@unrs/resolver-binding-linux-x64-musl': [ '1.12.2' ],
2215 silly audit   '@unrs/resolver-binding-openharmony-arm64': [ '1.12.2' ],
2215 silly audit   '@unrs/resolver-binding-wasm32-wasi': [ '1.12.2' ],
2215 silly audit   '@unrs/resolver-binding-win32-arm64-msvc': [ '1.12.2' ],
2215 silly audit   '@unrs/resolver-binding-win32-ia32-msvc': [ '1.12.2' ],
2215 silly audit   '@unrs/resolver-binding-win32-x64-msvc': [ '1.12.2' ],
2215 silly audit   'napi-postinstall': [ '0.3.4' ],
2215 silly audit   '@emnapi/core': [ '1.10.0' ],
2215 silly audit   '@emnapi/runtime': [ '1.10.0' ],
2215 silly audit   '@napi-rs/wasm-runtime': [ '1.2.4' ],
2215 silly audit   '@emnapi/wasi-threads': [ '1.2.1' ],
2215 silly audit   '@tybys/wasm-util': [ '0.10.4' ],
2215 silly audit   escalade: [ '3.2.0' ],
2215 silly audit   punycode: [ '2.3.1' ],
2215 silly audit   isexe: [ '2.0.0' ],
2215 silly audit   'is-bigint': [ '1.1.0' ],
2215 silly audit   'is-boolean-object': [ '1.2.2' ],
2215 silly audit   'is-number-object': [ '1.1.1' ],
2215 silly audit   'is-async-function': [ '2.1.1' ],
2215 silly audit   'is-finalizationregistry': [ '1.1.1' ],
2215 silly audit   'is-generator-function': [ '1.1.2' ],
2215 silly audit   'which-collection': [ '1.0.2' ],
2215 silly audit   'async-function': [ '1.0.0' ],
2215 silly audit   'generator-function': [ '2.0.1' ],
2215 silly audit   'is-map': [ '2.0.3' ],
2215 silly audit   'is-weakmap': [ '2.0.2' ],
2215 silly audit   'is-weakset': [ '2.0.4' ]
2215 silly audit }
2216 http cache is-map@https://registry.npmjs.org/is-map/-/is-map-2.0.3.tgz 0ms (cache hit)
2217 http cache is-weakset@https://registry.npmjs.org/is-weakset/-/is-weakset-2.0.4.tgz 0ms (cache hit)
2218 http cache is-weakmap@https://registry.npmjs.org/is-weakmap/-/is-weakmap-2.0.2.tgz 0ms (cache hit)
2219 http cache which-collection@https://registry.npmjs.org/which-collection/-/which-collection-1.0.2.tgz 0ms (cache hit)
2220 http cache async-function@https://registry.npmjs.org/async-function/-/async-function-1.0.0.tgz 0ms (cache hit)
2221 http cache generator-function@https://registry.npmjs.org/generator-function/-/generator-function-2.0.1.tgz 0ms (cache hit)
2222 http cache is-generator-function@https://registry.npmjs.org/is-generator-function/-/is-generator-function-1.1.2.tgz 0ms (cache hit)
2223 http cache is-number-object@https://registry.npmjs.org/is-number-object/-/is-number-object-1.1.1.tgz 0ms (cache hit)
2224 http cache is-finalizationregistry@https://registry.npmjs.org/is-finalizationregistry/-/is-finalizationregistry-1.1.1.tgz 0ms (cache hit)
2225 http cache is-async-function@https://registry.npmjs.org/is-async-function/-/is-async-function-2.1.1.tgz 0ms (cache hit)
2226 http cache is-boolean-object@https://registry.npmjs.org/is-boolean-object/-/is-boolean-object-1.2.2.tgz 0ms (cache hit)
2227 http cache @unrs/resolver-binding-darwin-arm64@https://registry.npmjs.org/@unrs/resolver-binding-darwin-arm64/-/resolver-binding-darwin-arm64-1.12.2.tgz 0ms (cache hit)
2228 http cache is-bigint@https://registry.npmjs.org/is-bigint/-/is-bigint-1.1.0.tgz 0ms (cache hit)
2229 http cache which-boxed-primitive@https://registry.npmjs.org/which-boxed-primitive/-/which-boxed-primitive-1.1.1.tgz 0ms (cache hit)
2230 http cache isexe@https://registry.npmjs.org/isexe/-/isexe-2.0.0.tgz 0ms (cache hit)
2231 http cache has-bigints@https://registry.npmjs.org/has-bigints/-/has-bigints-1.1.0.tgz 0ms (cache hit)
2232 http cache escalade@https://registry.npmjs.org/escalade/-/escalade-3.2.0.tgz 0ms (cache hit)
2233 http cache @typescript-eslint/types@https://registry.npmjs.org/@typescript-eslint/types/-/types-8.71.0.tgz 0ms (cache hit)
2234 http cache napi-postinstall@https://registry.npmjs.org/napi-postinstall/-/napi-postinstall-0.3.4.tgz 0ms (cache hit)
2235 http cache @typescript-eslint/tsconfig-utils@https://registry.npmjs.org/@typescript-eslint/tsconfig-utils/-/tsconfig-utils-8.71.0.tgz 0ms (cache hit)
2236 http cache punycode@https://registry.npmjs.org/punycode/-/punycode-2.3.1.tgz 0ms (cache hit)
2237 http cache ts-api-utils@https://registry.npmjs.org/ts-api-utils/-/ts-api-utils-2.5.0.tgz 0ms (cache hit)
2238 http cache @typescript-eslint/type-utils@https://registry.npmjs.org/@typescript-eslint/type-utils/-/type-utils-8.71.0.tgz 0ms (cache hit)
2239 http cache @typescript-eslint/project-service@https://registry.npmjs.org/@typescript-eslint/project-service/-/project-service-8.71.0.tgz 0ms (cache hit)
2240 http cache @typescript-eslint/visitor-keys@https://registry.npmjs.org/@typescript-eslint/visitor-keys/-/visitor-keys-8.71.0.tgz 0ms (cache hit)
2241 http cache @typescript-eslint/utils@https://registry.npmjs.org/@typescript-eslint/utils/-/utils-8.71.0.tgz 0ms (cache hit)
2242 http cache @typescript-eslint/scope-manager@https://registry.npmjs.org/@typescript-eslint/scope-manager/-/scope-manager-8.71.0.tgz 0ms (cache hit)
2243 http cache @typescript-eslint/parser@https://registry.npmjs.org/@typescript-eslint/parser/-/parser-8.71.0.tgz 0ms (cache hit)
2244 http cache reflect.getprototypeof@https://registry.npmjs.org/reflect.getprototypeof/-/reflect.getprototypeof-1.0.10.tgz 0ms (cache hit)
2245 http cache @typescript-eslint/eslint-plugin@https://registry.npmjs.org/@typescript-eslint/eslint-plugin/-/eslint-plugin-8.71.0.tgz 0ms (cache hit)
2246 http cache which-builtin-type@https://registry.npmjs.org/which-builtin-type/-/which-builtin-type-1.2.1.tgz 0ms (cache hit)
2247 http cache minimist@https://registry.npmjs.org/minimist/-/minimist-1.2.8.tgz 0ms (cache hit)
2248 http cache @typescript-eslint/typescript-estree@https://registry.npmjs.org/@typescript-eslint/typescript-estree/-/typescript-estree-8.71.0.tgz 0ms (cache hit)
2249 http cache for-each@https://registry.npmjs.org/for-each/-/for-each-0.3.5.tgz 0ms (cache hit)
2250 http cache strip-bom@https://registry.npmjs.org/strip-bom/-/strip-bom-3.0.0.tgz 0ms (cache hit)
2251 http cache @types/json5@https://registry.npmjs.org/@types/json5/-/json5-0.0.29.tgz 0ms (cache hit)
2252 http cache is-number@https://registry.npmjs.org/is-number/-/is-number-7.0.0.tgz 0ms (cache hit)
2253 http cache has-flag@https://registry.npmjs.org/has-flag/-/has-flag-4.0.0.tgz 0ms (cache hit)
2254 http cache side-channel-weakmap@https://registry.npmjs.org/side-channel-weakmap/-/side-channel-weakmap-1.0.2.tgz 0ms (cache hit)
2255 http cache side-channel-map@https://registry.npmjs.org/side-channel-map/-/side-channel-map-1.0.1.tgz 0ms (cache hit)
2256 http cache shebang-regex@https://registry.npmjs.org/shebang-regex/-/shebang-regex-3.0.0.tgz 0ms (cache hit)
2257 http cache isarray@https://registry.npmjs.org/isarray/-/isarray-2.0.5.tgz 0ms (cache hit)
2258 http cache queue-microtask@https://registry.npmjs.org/queue-microtask/-/queue-microtask-1.2.3.tgz 0ms (cache hit)
2259 http cache side-channel-list@https://registry.npmjs.org/side-channel-list/-/side-channel-list-1.0.1.tgz 0ms (cache hit)
2260 http cache supports-preserve-symlinks-flag@https://registry.npmjs.org/supports-preserve-symlinks-flag/-/supports-preserve-symlinks-flag-1.0.0.tgz 0ms (cache hit)
2261 http cache object-assign@https://registry.npmjs.org/object-assign/-/object-assign-4.1.1.tgz 0ms (cache hit)
2262 http cache react-is@https://registry.npmjs.org/react-is/-/react-is-16.13.1.tgz 0ms (cache hit)
2263 http cache p-limit@https://registry.npmjs.org/p-limit/-/p-limit-3.1.0.tgz 0ms (cache hit)
2264 http cache word-wrap@https://registry.npmjs.org/word-wrap/-/word-wrap-1.2.5.tgz 0ms (cache hit)
2265 http cache node-exports-info@https://registry.npmjs.org/node-exports-info/-/node-exports-info-1.6.2.tgz 0ms (cache hit)
2266 http cache callsites@https://registry.npmjs.org/callsites/-/callsites-3.1.0.tgz 0ms (cache hit)
2267 http cache path-parse@https://registry.npmjs.org/path-parse/-/path-parse-1.0.7.tgz 0ms (cache hit)
2268 http cache yocto-queue@https://registry.npmjs.org/yocto-queue/-/yocto-queue-0.1.0.tgz 0ms (cache hit)
2269 http cache fast-levenshtein@https://registry.npmjs.org/fast-levenshtein/-/fast-levenshtein-2.0.6.tgz 0ms (cache hit)
2270 http cache deep-is@https://registry.npmjs.org/deep-is/-/deep-is-0.1.4.tgz 0ms (cache hit)
2271 http cache concat-map@https://registry.npmjs.org/concat-map/-/concat-map-0.0.1.tgz 0ms (cache hit)
2272 http cache brace-expansion@https://registry.npmjs.org/brace-expansion/-/brace-expansion-1.1.21.tgz 0ms (cache hit)
2273 http cache balanced-match@https://registry.npmjs.org/balanced-match/-/balanced-match-1.0.2.tgz 0ms (cache hit)
2274 http cache picomatch@https://registry.npmjs.org/picomatch/-/picomatch-2.3.2.tgz 0ms (cache hit)
2275 http cache fill-range@https://registry.npmjs.org/fill-range/-/fill-range-7.1.1.tgz 0ms (cache hit)
2276 http cache braces@https://registry.npmjs.org/braces/-/braces-3.0.3.tgz 0ms (cache hit)
2277 http cache yallist@https://registry.npmjs.org/yallist/-/yallist-3.1.1.tgz 0ms (cache hit)
2278 http cache p-locate@https://registry.npmjs.org/p-locate/-/p-locate-5.0.0.tgz 0ms (cache hit)
2279 http cache type-check@https://registry.npmjs.org/type-check/-/type-check-0.4.0.tgz 0ms (cache hit)
2280 http cache argparse@https://registry.npmjs.org/argparse/-/argparse-2.0.1.tgz 0ms (cache hit)
2281 http cache is-extglob@https://registry.npmjs.org/is-extglob/-/is-extglob-2.1.1.tgz 0ms (cache hit)
2282 http cache set-function-name@https://registry.npmjs.org/set-function-name/-/set-function-name-2.0.2.tgz 0ms (cache hit)
2283 http cache to-regex-range@https://registry.npmjs.org/to-regex-range/-/to-regex-range-5.0.1.tgz 0ms (cache hit)
2284 http cache json-buffer@https://registry.npmjs.org/json-buffer/-/json-buffer-3.0.1.tgz 0ms (cache hit)
2285 http cache prelude-ls@https://registry.npmjs.org/prelude-ls/-/prelude-ls-1.2.1.tgz 0ms (cache hit)
2286 http cache hermes-estree@https://registry.npmjs.org/hermes-estree/-/hermes-estree-0.25.1.tgz 0ms (cache hit)
2287 http cache language-subtag-registry@https://registry.npmjs.org/language-subtag-registry/-/language-subtag-registry-0.3.23.tgz 0ms (cache hit)
2288 http cache side-channel@https://registry.npmjs.org/side-channel/-/side-channel-1.1.1.tgz 0ms (cache hit)
2289 http cache resolve-from@https://registry.npmjs.org/resolve-from/-/resolve-from-4.0.0.tgz 0ms (cache hit)
2290 http cache parent-module@https://registry.npmjs.org/parent-module/-/parent-module-1.0.1.tgz 0ms (cache hit)
2291 http cache resolve-pkg-maps@https://registry.npmjs.org/resolve-pkg-maps/-/resolve-pkg-maps-1.0.0.tgz 0ms (cache hit)
2292 http cache flatted@https://registry.npmjs.org/flatted/-/flatted-3.4.4.tgz 0ms (cache hit)
2293 http cache is-document.all@https://registry.npmjs.org/is-document.all/-/is-document.all-1.0.0.tgz 0ms (cache hit)
2294 http cache keyv@https://registry.npmjs.org/keyv/-/keyv-4.5.4.tgz 0ms (cache hit)
2295 http cache dunder-proto@https://registry.npmjs.org/dunder-proto/-/dunder-proto-1.0.1.tgz 0ms (cache hit)
2296 http cache functions-have-names@https://registry.npmjs.org/functions-have-names/-/functions-have-names-1.2.3.tgz 0ms (cache hit)
2297 http cache locate-path@https://registry.npmjs.org/locate-path/-/locate-path-6.0.0.tgz 0ms (cache hit)
2298 http cache path-exists@https://registry.npmjs.org/path-exists/-/path-exists-4.0.0.tgz 0ms (cache hit)
2299 http cache reusify@https://registry.npmjs.org/reusify/-/reusify-1.1.0.tgz 0ms (cache hit)
2300 http cache run-parallel@https://registry.npmjs.org/run-parallel/-/run-parallel-1.2.0.tgz 0ms (cache hit)
2301 http cache flat-cache@https://registry.npmjs.org/flat-cache/-/flat-cache-4.0.1.tgz 0ms (cache hit)
2302 http cache fastq@https://registry.npmjs.org/fastq/-/fastq-1.20.3.tgz 0ms (cache hit)
2303 http cache merge2@https://registry.npmjs.org/merge2/-/merge2-1.4.1.tgz 0ms (cache hit)
2304 http cache @nodelib/fs.scandir@https://registry.npmjs.org/@nodelib/fs.scandir/-/fs.scandir-2.1.5.tgz 0ms (cache hit)
2305 http cache @nodelib/fs.walk@https://registry.npmjs.org/@nodelib/fs.walk/-/fs.walk-1.2.8.tgz 0ms (cache hit)
2306 http cache micromatch@https://registry.npmjs.org/micromatch/-/micromatch-4.0.8.tgz 0ms (cache hit)
2307 http cache @nodelib/fs.stat@https://registry.npmjs.org/@nodelib/fs.stat/-/fs.stat-2.0.5.tgz 0ms (cache hit)
2308 http cache @babel/helper-string-parser@https://registry.npmjs.org/@babel/helper-string-parser/-/helper-string-parser-7.29.7.tgz 0ms (cache hit)
2309 http cache @jridgewell/sourcemap-codec@https://registry.npmjs.org/@jridgewell/sourcemap-codec/-/sourcemap-codec-1.6.0.tgz 0ms (cache hit)
2310 http cache acorn-jsx@https://registry.npmjs.org/acorn-jsx/-/acorn-jsx-5.3.2.tgz 0ms (cache hit)
2311 http cache esrecurse@https://registry.npmjs.org/esrecurse/-/esrecurse-4.3.0.tgz 0ms (cache hit)
2312 http cache acorn@https://registry.npmjs.org/acorn/-/acorn-8.18.0.tgz 0ms (cache hit)
2313 http cache @babel/helper-globals@https://registry.npmjs.org/@babel/helper-globals/-/helper-globals-7.29.7.tgz 0ms (cache hit)
2314 http cache @babel/helper-module-imports@https://registry.npmjs.org/@babel/helper-module-imports/-/helper-module-imports-7.29.7.tgz 0ms (cache hit)
2315 http cache @babel/helper-validator-option@https://registry.npmjs.org/@babel/helper-validator-option/-/helper-validator-option-7.29.7.tgz 0ms (cache hit)
2316 http cache @babel/compat-data@https://registry.npmjs.org/@babel/compat-data/-/compat-data-7.29.7.tgz 0ms (cache hit)
2317 http cache lru-cache@https://registry.npmjs.org/lru-cache/-/lru-cache-5.1.1.tgz 0ms (cache hit)
2318 http cache jsesc@https://registry.npmjs.org/jsesc/-/jsesc-3.1.0.tgz 0ms (cache hit)
2319 http cache @jridgewell/resolve-uri@https://registry.npmjs.org/@jridgewell/resolve-uri/-/resolve-uri-3.1.2.tgz 0ms (cache hit)
2320 http cache @jridgewell/gen-mapping@https://registry.npmjs.org/@jridgewell/gen-mapping/-/gen-mapping-0.3.13.tgz 0ms (cache hit)
2321 http cache @babel/helper-validator-identifier@https://registry.npmjs.org/@babel/helper-validator-identifier/-/helper-validator-identifier-7.29.7.tgz 0ms (cache hit)
2322 http cache @jridgewell/trace-mapping@https://registry.npmjs.org/@jridgewell/trace-mapping/-/trace-mapping-0.3.31.tgz 0ms (cache hit)
2323 http cache @babel/types@https://registry.npmjs.org/@babel/types/-/types-7.29.8.tgz 0ms (cache hit)
2324 http cache json5@https://registry.npmjs.org/json5/-/json5-2.2.3.tgz 0ms (cache hit)
2325 http cache convert-source-map@https://registry.npmjs.org/convert-source-map/-/convert-source-map-2.0.0.tgz 0ms (cache hit)
2326 http cache @jridgewell/remapping@https://registry.npmjs.org/@jridgewell/remapping/-/remapping-2.3.5.tgz 0ms (cache hit)
2327 http cache gensync@https://registry.npmjs.org/gensync/-/gensync-1.0.0-beta.2.tgz 0ms (cache hit)
2328 http cache @babel/traverse@https://registry.npmjs.org/@babel/traverse/-/traverse-7.29.8.tgz 0ms (cache hit)
2329 http cache @babel/helper-module-transforms@https://registry.npmjs.org/@babel/helper-module-transforms/-/helper-module-transforms-7.29.7.tgz 0ms (cache hit)
2330 http cache @babel/generator@https://registry.npmjs.org/@babel/generator/-/generator-7.29.8.tgz 0ms (cache hit)
2331 http cache @babel/template@https://registry.npmjs.org/@babel/template/-/template-7.29.7.tgz 0ms (cache hit)
2332 http cache @babel/helper-compilation-targets@https://registry.npmjs.org/@babel/helper-compilation-targets/-/helper-compilation-targets-7.29.7.tgz 0ms (cache hit)
2333 http cache @babel/helpers@https://registry.npmjs.org/@babel/helpers/-/helpers-7.29.7.tgz 0ms (cache hit)
2334 http cache @babel/code-frame@https://registry.npmjs.org/@babel/code-frame/-/code-frame-7.29.7.tgz 0ms (cache hit)
2335 http cache @babel/core@https://registry.npmjs.org/@babel/core/-/core-7.29.7.tgz 0ms (cache hit)
2336 http cache zod-validation-error@https://registry.npmjs.org/zod-validation-error/-/zod-validation-error-4.0.2.tgz 0ms (cache hit)
2337 http cache @babel/parser@https://registry.npmjs.org/@babel/parser/-/parser-7.29.9.tgz 0ms (cache hit)
2338 http cache iterator.prototype@https://registry.npmjs.org/iterator.prototype/-/iterator.prototype-1.1.5.tgz 0ms (cache hit)
2339 http cache zod@https://registry.npmjs.org/zod/-/zod-4.6.5.tgz 0ms (cache hit)
2340 http cache string.prototype.matchall@https://registry.npmjs.org/string.prototype.matchall/-/string.prototype.matchall-4.1.0.tgz 0ms (cache hit)
2341 http cache string.prototype.repeat@https://registry.npmjs.org/string.prototype.repeat/-/string.prototype.repeat-1.0.0.tgz 0ms (cache hit)
2342 http cache prop-types@https://registry.npmjs.org/prop-types/-/prop-types-15.8.1.tgz 0ms (cache hit)
2343 http cache hermes-parser@https://registry.npmjs.org/hermes-parser/-/hermes-parser-0.25.1.tgz 0ms (cache hit)
2344 http cache object.entries@https://registry.npmjs.org/object.entries/-/object.entries-1.1.9.tgz 0ms (cache hit)
2345 http cache es-iterator-helpers@https://registry.npmjs.org/es-iterator-helpers/-/es-iterator-helpers-1.4.0.tgz 0ms (cache hit)
2346 http cache jsx-ast-utils@https://registry.npmjs.org/jsx-ast-utils/-/jsx-ast-utils-3.3.5.tgz 0ms (cache hit)
2347 http cache array.prototype.tosorted@https://registry.npmjs.org/array.prototype.tosorted/-/array.prototype.tosorted-1.1.4.tgz 0ms (cache hit)
2348 http cache string.prototype.includes@https://registry.npmjs.org/string.prototype.includes/-/string.prototype.includes-2.0.1.tgz 0ms (cache hit)
2349 http cache estraverse@https://registry.npmjs.org/estraverse/-/estraverse-5.3.0.tgz 0ms (cache hit)
2350 http cache emoji-regex@https://registry.npmjs.org/emoji-regex/-/emoji-regex-9.2.2.tgz 0ms (cache hit)
2351 http cache language-tags@https://registry.npmjs.org/language-tags/-/language-tags-1.0.9.tgz 0ms (cache hit)
2352 http cache array.prototype.findlast@https://registry.npmjs.org/array.prototype.findlast/-/array.prototype.findlast-1.2.5.tgz 0ms (cache hit)
2353 http cache damerau-levenshtein@https://registry.npmjs.org/damerau-levenshtein/-/damerau-levenshtein-1.0.8.tgz 0ms (cache hit)
2354 http cache axe-core@https://registry.npmjs.org/axe-core/-/axe-core-4.13.0.tgz 0ms (cache hit)
2355 http cache is-symbol@https://registry.npmjs.org/is-symbol/-/is-symbol-1.1.1.tgz 0ms (cache hit)
2356 http cache axobject-query@https://registry.npmjs.org/axobject-query/-/axobject-query-4.1.0.tgz 0ms (cache hit)
2357 http cache aria-query@https://registry.npmjs.org/aria-query/-/aria-query-5.3.2.tgz 0ms (cache hit)
2358 http cache is-date-object@https://registry.npmjs.org/is-date-object/-/is-date-object-1.1.0.tgz 0ms (cache hit)
2359 http cache has-tostringtag@https://registry.npmjs.org/has-tostringtag/-/has-tostringtag-1.0.2.tgz 0ms (cache hit)
2360 http cache es-abstract-get@https://registry.npmjs.org/es-abstract-get/-/es-abstract-get-1.0.0.tgz 0ms (cache hit)
2361 http cache unbox-primitive@https://registry.npmjs.org/unbox-primitive/-/unbox-primitive-1.1.0.tgz 0ms (cache hit)
2362 http cache possible-typed-array-names@https://registry.npmjs.org/possible-typed-array-names/-/possible-typed-array-names-1.1.0.tgz 0ms (cache hit)
2363 http cache which-typed-array@https://registry.npmjs.org/which-typed-array/-/which-typed-array-1.1.24.tgz 0ms (cache hit)
2364 http cache ast-types-flow@https://registry.npmjs.org/ast-types-flow/-/ast-types-flow-0.0.8.tgz 0ms (cache hit)
2365 http cache typed-array-length@https://registry.npmjs.org/typed-array-length/-/typed-array-length-1.0.8.tgz 0ms (cache hit)
2366 http cache typed-array-byte-length@https://registry.npmjs.org/typed-array-byte-length/-/typed-array-byte-length-1.0.3.tgz 0ms (cache hit)
2367 http cache string.prototype.trimstart@https://registry.npmjs.org/string.prototype.trimstart/-/string.prototype.trimstart-1.0.8.tgz 0ms (cache hit)
2368 http cache set-proto@https://registry.npmjs.org/set-proto/-/set-proto-1.0.0.tgz 0ms (cache hit)
2369 http cache typed-array-byte-offset@https://registry.npmjs.org/typed-array-byte-offset/-/typed-array-byte-offset-1.0.5.tgz 0ms (cache hit)
2370 http cache typed-array-buffer@https://registry.npmjs.org/typed-array-buffer/-/typed-array-buffer-1.0.3.tgz 0ms (cache hit)
2371 http cache stop-iteration-iterator@https://registry.npmjs.org/stop-iteration-iterator/-/stop-iteration-iterator-1.1.0.tgz 0ms (cache hit)
2372 http cache safe-regex-test@https://registry.npmjs.org/safe-regex-test/-/safe-regex-test-1.1.0.tgz 0ms (cache hit)
2373 http cache safe-array-concat@https://registry.npmjs.org/safe-array-concat/-/safe-array-concat-1.1.4.tgz 0ms (cache hit)
2374 http cache safe-push-apply@https://registry.npmjs.org/safe-push-apply/-/safe-push-apply-1.0.0.tgz 0ms (cache hit)
2375 http cache own-keys@https://registry.npmjs.org/own-keys/-/own-keys-1.0.2.tgz 0ms (cache hit)
2376 http cache is-weakref@https://registry.npmjs.org/is-weakref/-/is-weakref-1.1.1.tgz 0ms (cache hit)
2377 http cache object-inspect@https://registry.npmjs.org/object-inspect/-/object-inspect-1.13.4.tgz 0ms (cache hit)
2378 http cache string.prototype.trim@https://registry.npmjs.org/string.prototype.trim/-/string.prototype.trim-1.2.11.tgz 0ms (cache hit)
2379 http cache is-typed-array@https://registry.npmjs.org/is-typed-array/-/is-typed-array-1.1.15.tgz 0ms (cache hit)
2380 http cache object.assign@https://registry.npmjs.org/object.assign/-/object.assign-4.1.7.tgz 0ms (cache hit)
2381 http cache is-regex@https://registry.npmjs.org/is-regex/-/is-regex-1.2.1.tgz 0ms (cache hit)
2382 http cache regexp.prototype.flags@https://registry.npmjs.org/regexp.prototype.flags/-/regexp.prototype.flags-1.5.4.tgz 0ms (cache hit)
2383 http cache is-shared-array-buffer@https://registry.npmjs.org/is-shared-array-buffer/-/is-shared-array-buffer-1.0.4.tgz 0ms (cache hit)
2384 http cache is-array-buffer@https://registry.npmjs.org/is-array-buffer/-/is-array-buffer-3.0.5.tgz 0ms (cache hit)
2385 http cache is-data-view@https://registry.npmjs.org/is-data-view/-/is-data-view-1.0.2.tgz 0ms (cache hit)
2386 http cache is-negative-zero@https://registry.npmjs.org/is-negative-zero/-/is-negative-zero-2.0.3.tgz 0ms (cache hit)
2387 http cache is-callable@https://registry.npmjs.org/is-callable/-/is-callable-1.2.7.tgz 0ms (cache hit)
2388 http cache globalthis@https://registry.npmjs.org/globalthis/-/globalthis-1.0.4.tgz 0ms (cache hit)
2389 http cache internal-slot@https://registry.npmjs.org/internal-slot/-/internal-slot-1.1.0.tgz 0ms (cache hit)
2390 http cache get-symbol-description@https://registry.npmjs.org/get-symbol-description/-/get-symbol-description-1.1.0.tgz 0ms (cache hit)
2391 http cache has-proto@https://registry.npmjs.org/has-proto/-/has-proto-1.2.0.tgz 0ms (cache hit)
2392 http cache has-symbols@https://registry.npmjs.org/has-symbols/-/has-symbols-1.1.0.tgz 0ms (cache hit)
2393 http cache get-proto@https://registry.npmjs.org/get-proto/-/get-proto-1.0.1.tgz 0ms (cache hit)
2394 http cache es-to-primitive@https://registry.npmjs.org/es-to-primitive/-/es-to-primitive-1.3.4.tgz 0ms (cache hit)
2395 http cache is-set@https://registry.npmjs.org/is-set/-/is-set-2.0.3.tgz 0ms (cache hit)
2396 http cache function.prototype.name@https://registry.npmjs.org/function.prototype.name/-/function.prototype.name-1.2.0.tgz 0ms (cache hit)
2397 http cache data-view-buffer@https://registry.npmjs.org/data-view-buffer/-/data-view-buffer-1.0.2.tgz 0ms (cache hit)
2398 http cache es-set-tostringtag@https://registry.npmjs.org/es-set-tostringtag/-/es-set-tostringtag-2.1.0.tgz 0ms (cache hit)
2399 http cache available-typed-arrays@https://registry.npmjs.org/available-typed-arrays/-/available-typed-arrays-1.0.7.tgz 0ms (cache hit)
2400 http cache arraybuffer.prototype.slice@https://registry.npmjs.org/arraybuffer.prototype.slice/-/arraybuffer.prototype.slice-1.0.4.tgz 0ms (cache hit)
2401 http cache array-buffer-byte-length@https://registry.npmjs.org/array-buffer-byte-length/-/array-buffer-byte-length-1.0.2.tgz 0ms (cache hit)
2402 http cache object-keys@https://registry.npmjs.org/object-keys/-/object-keys-1.1.1.tgz 0ms (cache hit)
2403 http cache data-view-byte-length@https://registry.npmjs.org/data-view-byte-length/-/data-view-byte-length-1.0.2.tgz 0ms (cache hit)
2404 http cache function-bind@https://registry.npmjs.org/function-bind/-/function-bind-1.1.2.tgz 0ms (cache hit)
2405 http cache data-view-byte-offset@https://registry.npmjs.org/data-view-byte-offset/-/data-view-byte-offset-1.0.1.tgz 0ms (cache hit)
2406 http cache define-data-property@https://registry.npmjs.org/define-data-property/-/define-data-property-1.1.4.tgz 0ms (cache hit)
2407 http cache gopd@https://registry.npmjs.org/gopd/-/gopd-1.2.0.tgz 0ms (cache hit)
2408 http cache has-property-descriptors@https://registry.npmjs.org/has-property-descriptors/-/has-property-descriptors-1.0.2.tgz 0ms (cache hit)
2409 http cache get-intrinsic@https://registry.npmjs.org/get-intrinsic/-/get-intrinsic-1.3.0.tgz 0ms (cache hit)
2410 http cache set-function-length@https://registry.npmjs.org/set-function-length/-/set-function-length-1.2.2.tgz 0ms (cache hit)
2411 http cache call-bind-apply-helpers@https://registry.npmjs.org/call-bind-apply-helpers/-/call-bind-apply-helpers-1.0.2.tgz 0ms (cache hit)
2412 http cache es-define-property@https://registry.npmjs.org/es-define-property/-/es-define-property-1.0.1.tgz 0ms (cache hit)
2413 http cache is-string@https://registry.npmjs.org/is-string/-/is-string-1.1.1.tgz 0ms (cache hit)
2414 http cache math-intrinsics@https://registry.npmjs.org/math-intrinsics/-/math-intrinsics-1.1.0.tgz 0ms (cache hit)
2415 http cache es-errors@https://registry.npmjs.org/es-errors/-/es-errors-1.3.0.tgz 0ms (cache hit)
2416 http cache es-object-atoms@https://registry.npmjs.org/es-object-atoms/-/es-object-atoms-1.1.2.tgz 0ms (cache hit)
2417 http cache es-shim-unscopables@https://registry.npmjs.org/es-shim-unscopables/-/es-shim-unscopables-1.1.0.tgz 0ms (cache hit)
2418 http cache define-properties@https://registry.npmjs.org/define-properties/-/define-properties-1.2.1.tgz 0ms (cache hit)
2419 http cache tsconfig-paths@https://registry.npmjs.org/tsconfig-paths/-/tsconfig-paths-3.15.0.tgz 0ms (cache hit)
2420 http cache es-abstract@https://registry.npmjs.org/es-abstract/-/es-abstract-1.24.2.tgz 0ms (cache hit)
2421 http cache string.prototype.trimend@https://registry.npmjs.org/string.prototype.trimend/-/string.prototype.trimend-1.0.10.tgz 0ms (cache hit)
2422 http cache call-bind@https://registry.npmjs.org/call-bind/-/call-bind-1.0.9.tgz 0ms (cache hit)
2423 http cache object.values@https://registry.npmjs.org/object.values/-/object.values-1.2.1.tgz 0ms (cache hit)
2424 http cache object.fromentries@https://registry.npmjs.org/object.fromentries/-/object.fromentries-2.0.8.tgz 0ms (cache hit)
2425 http cache call-bound@https://registry.npmjs.org/call-bound/-/call-bound-1.0.4.tgz 0ms (cache hit)
2426 http cache hasown@https://registry.npmjs.org/hasown/-/hasown-2.0.4.tgz 0ms (cache hit)
2427 http cache eslint-module-utils@https://registry.npmjs.org/eslint-module-utils/-/eslint-module-utils-2.14.0.tgz 0ms (cache hit)
2428 http cache array.prototype.flatmap@https://registry.npmjs.org/array.prototype.flatmap/-/array.prototype.flatmap-1.3.3.tgz 0ms (cache hit)
2429 http cache array-includes@https://registry.npmjs.org/array-includes/-/array-includes-3.2.0.tgz 0ms (cache hit)
2430 http cache object.groupby@https://registry.npmjs.org/object.groupby/-/object.groupby-1.0.3.tgz 0ms (cache hit)
2431 http cache semver@https://registry.npmjs.org/semver/-/semver-6.3.1.tgz 0ms (cache hit)
2432 http cache array.prototype.flat@https://registry.npmjs.org/array.prototype.flat/-/array.prototype.flat-1.3.3.tgz 0ms (cache hit)
2433 http cache @rtsao/scc@https://registry.npmjs.org/@rtsao/scc/-/scc-1.1.0.tgz 0ms (cache hit)
2434 http cache unrs-resolver@https://registry.npmjs.org/unrs-resolver/-/unrs-resolver-1.12.2.tgz 0ms (cache hit)
2435 http cache array.prototype.findlastindex@https://registry.npmjs.org/array.prototype.findlastindex/-/array.prototype.findlastindex-1.2.6.tgz 0ms (cache hit)
2436 http cache tinyglobby@https://registry.npmjs.org/tinyglobby/-/tinyglobby-0.2.17.tgz 0ms (cache hit)
2437 http cache stable-hash@https://registry.npmjs.org/stable-hash/-/stable-hash-0.0.5.tgz 0ms (cache hit)
2438 http cache is-bun-module@https://registry.npmjs.org/is-bun-module/-/is-bun-module-2.0.0.tgz 0ms (cache hit)
2439 http cache get-tsconfig@https://registry.npmjs.org/get-tsconfig/-/get-tsconfig-4.14.3.tgz 0ms (cache hit)
2440 http cache doctrine@https://registry.npmjs.org/doctrine/-/doctrine-2.1.0.tgz 0ms (cache hit)
2441 http cache is-core-module@https://registry.npmjs.org/is-core-module/-/is-core-module-2.17.0.tgz 0ms (cache hit)
2442 http cache supports-color@https://registry.npmjs.org/supports-color/-/supports-color-7.2.0.tgz 0ms (cache hit)
2443 http cache ansi-styles@https://registry.npmjs.org/ansi-styles/-/ansi-styles-4.3.0.tgz 0ms (cache hit)
2444 http cache @nolyfill/is-core-module@https://registry.npmjs.org/@nolyfill/is-core-module/-/is-core-module-1.0.39.tgz 0ms (cache hit)
2445 http cache resolve@https://registry.npmjs.org/resolve/-/resolve-2.0.0-next.7.tgz 0ms (cache hit)
2446 http cache color-convert@https://registry.npmjs.org/color-convert/-/color-convert-2.0.1.tgz 0ms (cache hit)
2447 http cache color-name@https://registry.npmjs.org/color-name/-/color-name-1.1.4.tgz 0ms (cache hit)
2448 http cache js-yaml@https://registry.npmjs.org/js-yaml/-/js-yaml-4.3.2.tgz 0ms (cache hit)
2449 http cache import-fresh@https://registry.npmjs.org/import-fresh/-/import-fresh-3.3.1.tgz 0ms (cache hit)
2450 http cache @eslint/object-schema@https://registry.npmjs.org/@eslint/object-schema/-/object-schema-2.1.7.tgz 0ms (cache hit)
2451 http cache minimatch@https://registry.npmjs.org/minimatch/-/minimatch-3.1.5.tgz 0ms (cache hit)
2452 http cache strip-json-comments@https://registry.npmjs.org/strip-json-comments/-/strip-json-comments-3.1.1.tgz 0ms (cache hit)
2453 http cache lodash.merge@https://registry.npmjs.org/lodash.merge/-/lodash.merge-4.6.2.tgz 0ms (cache hit)
2454 http cache file-entry-cache@https://registry.npmjs.org/file-entry-cache/-/file-entry-cache-8.0.0.tgz 0ms (cache hit)
2455 http cache espree@https://registry.npmjs.org/espree/-/espree-10.4.0.tgz 0ms (cache hit)
2456 http cache eslint-visitor-keys@https://registry.npmjs.org/eslint-visitor-keys/-/eslint-visitor-keys-4.2.1.tgz 0ms (cache hit)
2457 http cache eslint-scope@https://registry.npmjs.org/eslint-scope/-/eslint-scope-8.4.0.tgz 0ms (cache hit)
2458 http cache chalk@https://registry.npmjs.org/chalk/-/chalk-4.1.2.tgz 0ms (cache hit)
2459 http cache @eslint/js@https://registry.npmjs.org/@eslint/js/-/js-9.39.5.tgz 0ms (cache hit)
2460 http cache @eslint/eslintrc@https://registry.npmjs.org/@eslint/eslintrc/-/eslintrc-3.3.7.tgz 0ms (cache hit)
2461 http cache @eslint/config-array@https://registry.npmjs.org/@eslint/config-array/-/config-array-0.21.2.tgz 0ms (cache hit)
2462 http cache @eslint/plugin-kit@https://registry.npmjs.org/@eslint/plugin-kit/-/plugin-kit-0.4.1.tgz 0ms (cache hit)
2463 http cache @types/json-schema@https://registry.npmjs.org/@types/json-schema/-/json-schema-7.0.15.tgz 0ms (cache hit)
2464 http cache @types/estree@https://registry.npmjs.org/@types/estree/-/estree-1.0.9.tgz 0ms (cache hit)
2465 http cache @eslint/core@https://registry.npmjs.org/@eslint/core/-/core-0.17.0.tgz 0ms (cache hit)
2466 http cache @eslint/config-helpers@https://registry.npmjs.org/@eslint/config-helpers/-/config-helpers-0.4.2.tgz 0ms (cache hit)
2467 http cache globals@https://registry.npmjs.org/globals/-/globals-16.4.0.tgz 0ms (cache hit)
2468 http cache typescript@https://registry.npmjs.org/typescript/-/typescript-6.0.3.tgz 0ms (cache hit)
2469 http cache eslint-plugin-jsx-a11y@https://registry.npmjs.org/eslint-plugin-jsx-a11y/-/eslint-plugin-jsx-a11y-6.10.2.tgz 0ms (cache hit)
2470 http cache eslint-plugin-react-hooks@https://registry.npmjs.org/eslint-plugin-react-hooks/-/eslint-plugin-react-hooks-7.1.1.tgz 0ms (cache hit)
2471 http cache eslint-plugin-import@https://registry.npmjs.org/eslint-plugin-import/-/eslint-plugin-import-2.32.0.tgz 0ms (cache hit)
2472 http cache eslint-plugin-react@https://registry.npmjs.org/eslint-plugin-react/-/eslint-plugin-react-7.37.5.tgz 0ms (cache hit)
2473 http cache fast-glob@https://registry.npmjs.org/fast-glob/-/fast-glob-3.3.1.tgz 0ms (cache hit)
2474 http cache typescript-eslint@https://registry.npmjs.org/typescript-eslint/-/typescript-eslint-8.71.0.tgz 0ms (cache hit)
2475 http cache eslint@https://registry.npmjs.org/eslint/-/eslint-9.39.5.tgz 0ms (cache hit)
2476 http cache @next/eslint-plugin-next@https://registry.npmjs.org/@next/eslint-plugin-next/-/eslint-plugin-next-16.3.8.tgz 0ms (cache hit)
2477 http cache eslint-import-resolver-node@https://registry.npmjs.org/eslint-import-resolver-node/-/eslint-import-resolver-node-0.3.10.tgz 0ms (cache hit)
2478 http cache shebang-command@https://registry.npmjs.org/shebang-command/-/shebang-command-2.0.0.tgz 0ms (cache hit)
2479 http cache which@https://registry.npmjs.org/which/-/which-2.0.2.tgz 0ms (cache hit)
2480 http cache path-key@https://registry.npmjs.org/path-key/-/path-key-3.1.1.tgz 0ms (cache hit)
2481 http cache uri-js@https://registry.npmjs.org/uri-js/-/uri-js-4.4.1.tgz 0ms (cache hit)
2482 http cache fast-json-stable-stringify@https://registry.npmjs.org/fast-json-stable-stringify/-/fast-json-stable-stringify-2.1.0.tgz 0ms (cache hit)
2483 http cache @humanfs/types@https://registry.npmjs.org/@humanfs/types/-/types-0.15.0.tgz 0ms (cache hit)
2484 http cache json-schema-traverse@https://registry.npmjs.org/json-schema-traverse/-/json-schema-traverse-0.4.1.tgz 0ms (cache hit)
2485 http cache optionator@https://registry.npmjs.org/optionator/-/optionator-0.9.4.tgz 0ms (cache hit)
2486 http cache ms@https://registry.npmjs.org/ms/-/ms-2.1.3.tgz 0ms (cache hit)
2487 http cache eslint-import-resolver-typescript@https://registry.npmjs.org/eslint-import-resolver-typescript/-/eslint-import-resolver-typescript-3.10.1.tgz 0ms (cache hit)
2488 http cache levn@https://registry.npmjs.org/levn/-/levn-0.4.1.tgz 0ms (cache hit)
2489 http cache is-glob@https://registry.npmjs.org/is-glob/-/is-glob-4.0.3.tgz 0ms (cache hit)
2490 http cache json-stable-stringify-without-jsonify@https://registry.npmjs.org/json-stable-stringify-without-jsonify/-/json-stable-stringify-without-jsonify-1.0.1.tgz 0ms (cache hit)
2491 http cache glob-parent@https://registry.npmjs.org/glob-parent/-/glob-parent-6.0.2.tgz 0ms (cache hit)
2492 http cache ignore@https://registry.npmjs.org/ignore/-/ignore-5.3.2.tgz 0ms (cache hit)
2493 http cache find-up@https://registry.npmjs.org/find-up/-/find-up-5.0.0.tgz 0ms (cache hit)
2494 http cache fast-deep-equal@https://registry.npmjs.org/fast-deep-equal/-/fast-deep-equal-3.1.3.tgz 0ms (cache hit)
2495 http cache esquery@https://registry.npmjs.org/esquery/-/esquery-1.7.0.tgz 0ms (cache hit)
2496 http cache esutils@https://registry.npmjs.org/esutils/-/esutils-2.0.3.tgz 0ms (cache hit)
2497 http cache escape-string-regexp@https://registry.npmjs.org/escape-string-regexp/-/escape-string-regexp-4.0.0.tgz 0ms (cache hit)
2498 http cache imurmurhash@https://registry.npmjs.org/imurmurhash/-/imurmurhash-0.1.4.tgz 0ms (cache hit)
2499 http cache debug@https://registry.npmjs.org/debug/-/debug-4.4.3.tgz 0ms (cache hit)
2500 http cache natural-compare@https://registry.npmjs.org/natural-compare/-/natural-compare-1.4.0.tgz 0ms (cache hit)
2501 http cache cross-spawn@https://registry.npmjs.org/cross-spawn/-/cross-spawn-7.0.6.tgz 0ms (cache hit)
2502 http cache ajv@https://registry.npmjs.org/ajv/-/ajv-6.15.0.tgz 0ms (cache hit)
2503 http cache @humanfs/node@https://registry.npmjs.org/@humanfs/node/-/node-0.16.8.tgz 0ms (cache hit)
2504 http cache @eslint-community/eslint-utils@https://registry.npmjs.org/@eslint-community/eslint-utils/-/eslint-utils-4.10.1.tgz 0ms (cache hit)
2505 http cache @humanwhocodes/module-importer@https://registry.npmjs.org/@humanwhocodes/module-importer/-/module-importer-1.0.1.tgz 0ms (cache hit)
2506 http cache @eslint-community/regexpp@https://registry.npmjs.org/@eslint-community/regexpp/-/regexpp-4.12.2.tgz 0ms (cache hit)
2507 http cache node-releases@https://registry.npmjs.org/node-releases/-/node-releases-2.0.57.tgz 0ms (cache hit)
2508 http cache @humanwhocodes/retry@https://registry.npmjs.org/@humanwhocodes/retry/-/retry-0.4.3.tgz 0ms (cache hit)
2509 http cache update-browserslist-db@https://registry.npmjs.org/update-browserslist-db/-/update-browserslist-db-1.3.3.tgz 0ms (cache hit)
2510 http cache electron-to-chromium@https://registry.npmjs.org/electron-to-chromium/-/electron-to-chromium-1.5.443.tgz 0ms (cache hit)
2511 http cache baseline-browser-mapping@https://registry.npmjs.org/baseline-browser-mapping/-/baseline-browser-mapping-2.11.27.tgz 0ms (cache hit)
2512 http cache postcss-value-parser@https://registry.npmjs.org/postcss-value-parser/-/postcss-value-parser-4.2.0.tgz 0ms (cache hit)
2513 http cache browserslist@https://registry.npmjs.org/browserslist/-/browserslist-4.29.3.tgz 0ms (cache hit)
2514 http cache @humanfs/core@https://registry.npmjs.org/@humanfs/core/-/core-0.19.2.tgz 0ms (cache hit)
2515 http cache csstype@https://registry.npmjs.org/csstype/-/csstype-3.2.3.tgz 0ms (cache hit)
2516 http cache undici-types@https://registry.npmjs.org/undici-types/-/undici-types-8.9.0.tgz 0ms (cache hit)
2517 http cache fraction.js@https://registry.npmjs.org/fraction.js/-/fraction.js-5.3.4.tgz 0ms (cache hit)
2518 http cache tailwindcss@https://registry.npmjs.org/tailwindcss/-/tailwindcss-4.3.3.tgz 0ms (cache hit)
2519 http cache eslint-config-next@https://registry.npmjs.org/eslint-config-next/-/eslint-config-next-16.3.8.tgz 0ms (cache hit)
2520 http cache @types/react-dom@https://registry.npmjs.org/@types/react-dom/-/react-dom-19.3.0.tgz 0ms (cache hit)
2521 http cache autoprefixer@https://registry.npmjs.org/autoprefixer/-/autoprefixer-10.6.1.tgz 0ms (cache hit)
2522 http cache postcss@https://registry.npmjs.org/postcss/-/postcss-8.5.28.tgz 0ms (cache hit)
2523 http cache @types/react@https://registry.npmjs.org/@types/react/-/react-19.3.0.tgz 0ms (cache hit)
2524 http cache @types/node@https://registry.npmjs.org/@types/node/-/node-26.6.4.tgz 0ms (cache hit)
2525 http cache balanced-match@https://registry.npmjs.org/balanced-match/-/balanced-match-4.0.4.tgz 0ms (cache hit)
2526 http cache eslint-visitor-keys@https://registry.npmjs.org/eslint-visitor-keys/-/eslint-visitor-keys-5.0.1.tgz 0ms (cache hit)
2527 http cache minimatch@https://registry.npmjs.org/minimatch/-/minimatch-10.2.6.tgz 0ms (cache hit)
2528 http cache ignore@https://registry.npmjs.org/ignore/-/ignore-7.0.11.tgz 0ms (cache hit)
2529 http cache brace-expansion@https://registry.npmjs.org/brace-expansion/-/brace-expansion-5.0.12.tgz 0ms (cache hit)
2530 http cache json5@https://registry.npmjs.org/json5/-/json5-1.0.2.tgz 0ms (cache hit)
2531 http cache semver@https://registry.npmjs.org/semver/-/semver-7.8.5.tgz 0ms (cache hit)
2532 http cache picomatch@https://registry.npmjs.org/picomatch/-/picomatch-4.0.7.tgz 0ms (cache hit)
2533 http cache fdir@https://registry.npmjs.org/fdir/-/fdir-6.5.0.tgz 0ms (cache hit)
2534 http cache globals@https://registry.npmjs.org/globals/-/globals-14.0.0.tgz 0ms (cache hit)
2535 http cache glob-parent@https://registry.npmjs.org/glob-parent/-/glob-parent-5.1.2.tgz 0ms (cache hit)
2536 http cache semver@https://registry.npmjs.org/semver/-/semver-7.8.5.tgz 0ms (cache hit)
2537 http cache debug@https://registry.npmjs.org/debug/-/debug-3.2.7.tgz 0ms (cache hit)
2538 http cache debug@https://registry.npmjs.org/debug/-/debug-3.2.7.tgz 0ms (cache hit)
2539 http cache debug@https://registry.npmjs.org/debug/-/debug-3.2.7.tgz 0ms (cache hit)
2540 http cache eslint-visitor-keys@https://registry.npmjs.org/eslint-visitor-keys/-/eslint-visitor-keys-3.4.3.tgz 0ms (cache hit)
2541 http cache @eslint-community/eslint-utils@https://registry.npmjs.org/@eslint-community/eslint-utils/-/eslint-utils-4.9.1.tgz 0ms (cache hit)
2542 http cache eslint-visitor-keys@https://registry.npmjs.org/eslint-visitor-keys/-/eslint-visitor-keys-3.4.3.tgz 0ms (cache hit)
2543 silly tarball no local data for is-map@https://registry.npmjs.org/is-map/-/is-map-2.0.3.tgz. Extracting by manifest.
2544 silly tarball no local data for is-weakset@https://registry.npmjs.org/is-weakset/-/is-weakset-2.0.4.tgz. Extracting by manifest.
2545 silly tarball no local data for is-weakmap@https://registry.npmjs.org/is-weakmap/-/is-weakmap-2.0.2.tgz. Extracting by manifest.
2546 silly tarball no local data for which-collection@https://registry.npmjs.org/which-collection/-/which-collection-1.0.2.tgz. Extracting by manifest.
2547 silly tarball no local data for async-function@https://registry.npmjs.org/async-function/-/async-function-1.0.0.tgz. Extracting by manifest.
2548 silly tarball no local data for generator-function@https://registry.npmjs.org/generator-function/-/generator-function-2.0.1.tgz. Extracting by manifest.
2549 silly tarball no local data for is-generator-function@https://registry.npmjs.org/is-generator-function/-/is-generator-function-1.1.2.tgz. Extracting by manifest.
2550 silly tarball no local data for is-number-object@https://registry.npmjs.org/is-number-object/-/is-number-object-1.1.1.tgz. Extracting by manifest.
2551 http cache postcss@https://registry.npmjs.org/postcss/-/postcss-8.4.31.tgz 0ms (cache hit)
2552 silly tarball no local data for is-finalizationregistry@https://registry.npmjs.org/is-finalizationregistry/-/is-finalizationregistry-1.1.1.tgz. Extracting by manifest.
2553 silly tarball no local data for is-async-function@https://registry.npmjs.org/is-async-function/-/is-async-function-2.1.1.tgz. Extracting by manifest.
2554 silly tarball no local data for is-boolean-object@https://registry.npmjs.org/is-boolean-object/-/is-boolean-object-1.2.2.tgz. Extracting by manifest.
2555 silly tarball no local data for @unrs/resolver-binding-darwin-arm64@https://registry.npmjs.org/@unrs/resolver-binding-darwin-arm64/-/resolver-binding-darwin-arm64-1.12.2.tgz. Extracting by manifest.
2556 silly tarball no local data for is-bigint@https://registry.npmjs.org/is-bigint/-/is-bigint-1.1.0.tgz. Extracting by manifest.
2557 silly tarball no local data for which-boxed-primitive@https://registry.npmjs.org/which-boxed-primitive/-/which-boxed-primitive-1.1.1.tgz. Extracting by manifest.
2558 silly tarball no local data for isexe@https://registry.npmjs.org/isexe/-/isexe-2.0.0.tgz. Extracting by manifest.
2559 silly tarball no local data for has-bigints@https://registry.npmjs.org/has-bigints/-/has-bigints-1.1.0.tgz. Extracting by manifest.
2560 silly tarball no local data for escalade@https://registry.npmjs.org/escalade/-/escalade-3.2.0.tgz. Extracting by manifest.
2561 silly tarball no local data for @typescript-eslint/types@https://registry.npmjs.org/@typescript-eslint/types/-/types-8.71.0.tgz. Extracting by manifest.
2562 silly tarball no local data for napi-postinstall@https://registry.npmjs.org/napi-postinstall/-/napi-postinstall-0.3.4.tgz. Extracting by manifest.
2563 silly tarball no local data for @typescript-eslint/tsconfig-utils@https://registry.npmjs.org/@typescript-eslint/tsconfig-utils/-/tsconfig-utils-8.71.0.tgz. Extracting by manifest.
2564 silly tarball no local data for punycode@https://registry.npmjs.org/punycode/-/punycode-2.3.1.tgz. Extracting by manifest.
2565 silly tarball no local data for ts-api-utils@https://registry.npmjs.org/ts-api-utils/-/ts-api-utils-2.5.0.tgz. Extracting by manifest.
2566 silly tarball no local data for @typescript-eslint/type-utils@https://registry.npmjs.org/@typescript-eslint/type-utils/-/type-utils-8.71.0.tgz. Extracting by manifest.
2567 silly tarball no local data for @typescript-eslint/project-service@https://registry.npmjs.org/@typescript-eslint/project-service/-/project-service-8.71.0.tgz. Extracting by manifest.
2568 silly tarball no local data for @typescript-eslint/visitor-keys@https://registry.npmjs.org/@typescript-eslint/visitor-keys/-/visitor-keys-8.71.0.tgz. Extracting by manifest.
2569 silly tarball no local data for @typescript-eslint/utils@https://registry.npmjs.org/@typescript-eslint/utils/-/utils-8.71.0.tgz. Extracting by manifest.
2570 silly tarball no local data for @typescript-eslint/scope-manager@https://registry.npmjs.org/@typescript-eslint/scope-manager/-/scope-manager-8.71.0.tgz. Extracting by manifest.
2571 silly tarball no local data for @typescript-eslint/parser@https://registry.npmjs.org/@typescript-eslint/parser/-/parser-8.71.0.tgz. Extracting by manifest.
2572 silly tarball no local data for reflect.getprototypeof@https://registry.npmjs.org/reflect.getprototypeof/-/reflect.getprototypeof-1.0.10.tgz. Extracting by manifest.
2573 silly tarball no local data for @typescript-eslint/eslint-plugin@https://registry.npmjs.org/@typescript-eslint/eslint-plugin/-/eslint-plugin-8.71.0.tgz. Extracting by manifest.
2574 silly tarball no local data for which-builtin-type@https://registry.npmjs.org/which-builtin-type/-/which-builtin-type-1.2.1.tgz. Extracting by manifest.
2575 silly tarball no local data for minimist@https://registry.npmjs.org/minimist/-/minimist-1.2.8.tgz. Extracting by manifest.
2576 silly tarball no local data for @typescript-eslint/typescript-estree@https://registry.npmjs.org/@typescript-eslint/typescript-estree/-/typescript-estree-8.71.0.tgz. Extracting by manifest.
2577 silly tarball no local data for for-each@https://registry.npmjs.org/for-each/-/for-each-0.3.5.tgz. Extracting by manifest.
2578 silly tarball no local data for strip-bom@https://registry.npmjs.org/strip-bom/-/strip-bom-3.0.0.tgz. Extracting by manifest.
2579 silly tarball no local data for @types/json5@https://registry.npmjs.org/@types/json5/-/json5-0.0.29.tgz. Extracting by manifest.
2580 silly tarball no local data for is-number@https://registry.npmjs.org/is-number/-/is-number-7.0.0.tgz. Extracting by manifest.
2581 silly tarball no local data for has-flag@https://registry.npmjs.org/has-flag/-/has-flag-4.0.0.tgz. Extracting by manifest.
2582 silly tarball no local data for side-channel-weakmap@https://registry.npmjs.org/side-channel-weakmap/-/side-channel-weakmap-1.0.2.tgz. Extracting by manifest.
2583 silly tarball no local data for side-channel-map@https://registry.npmjs.org/side-channel-map/-/side-channel-map-1.0.1.tgz. Extracting by manifest.
2584 silly tarball no local data for shebang-regex@https://registry.npmjs.org/shebang-regex/-/shebang-regex-3.0.0.tgz. Extracting by manifest.
2585 silly tarball no local data for isarray@https://registry.npmjs.org/isarray/-/isarray-2.0.5.tgz. Extracting by manifest.
2586 silly tarball no local data for queue-microtask@https://registry.npmjs.org/queue-microtask/-/queue-microtask-1.2.3.tgz. Extracting by manifest.
2587 silly tarball no local data for side-channel-list@https://registry.npmjs.org/side-channel-list/-/side-channel-list-1.0.1.tgz. Extracting by manifest.
2588 silly tarball no local data for supports-preserve-symlinks-flag@https://registry.npmjs.org/supports-preserve-symlinks-flag/-/supports-preserve-symlinks-flag-1.0.0.tgz. Extracting by manifest.
2589 silly tarball no local data for object-assign@https://registry.npmjs.org/object-assign/-/object-assign-4.1.1.tgz. Extracting by manifest.
2590 silly tarball no local data for react-is@https://registry.npmjs.org/react-is/-/react-is-16.13.1.tgz. Extracting by manifest.
2591 silly tarball no local data for p-limit@https://registry.npmjs.org/p-limit/-/p-limit-3.1.0.tgz. Extracting by manifest.
2592 silly tarball no local data for word-wrap@https://registry.npmjs.org/word-wrap/-/word-wrap-1.2.5.tgz. Extracting by manifest.
2593 silly tarball no local data for node-exports-info@https://registry.npmjs.org/node-exports-info/-/node-exports-info-1.6.2.tgz. Extracting by manifest.
2594 silly tarball no local data for callsites@https://registry.npmjs.org/callsites/-/callsites-3.1.0.tgz. Extracting by manifest.
2595 silly tarball no local data for path-parse@https://registry.npmjs.org/path-parse/-/path-parse-1.0.7.tgz. Extracting by manifest.
2596 silly tarball no local data for yocto-queue@https://registry.npmjs.org/yocto-queue/-/yocto-queue-0.1.0.tgz. Extracting by manifest.
2597 silly tarball no local data for fast-levenshtein@https://registry.npmjs.org/fast-levenshtein/-/fast-levenshtein-2.0.6.tgz. Extracting by manifest.
2598 silly tarball no local data for deep-is@https://registry.npmjs.org/deep-is/-/deep-is-0.1.4.tgz. Extracting by manifest.
2599 silly tarball no local data for concat-map@https://registry.npmjs.org/concat-map/-/concat-map-0.0.1.tgz. Extracting by manifest.
2600 silly tarball no local data for brace-expansion@https://registry.npmjs.org/brace-expansion/-/brace-expansion-1.1.21.tgz. Extracting by manifest.
2601 silly tarball no local data for balanced-match@https://registry.npmjs.org/balanced-match/-/balanced-match-1.0.2.tgz. Extracting by manifest.
2602 silly tarball no local data for picomatch@https://registry.npmjs.org/picomatch/-/picomatch-2.3.2.tgz. Extracting by manifest.
2603 silly tarball no local data for fill-range@https://registry.npmjs.org/fill-range/-/fill-range-7.1.1.tgz. Extracting by manifest.
2604 silly tarball no local data for braces@https://registry.npmjs.org/braces/-/braces-3.0.3.tgz. Extracting by manifest.
2605 silly tarball no local data for yallist@https://registry.npmjs.org/yallist/-/yallist-3.1.1.tgz. Extracting by manifest.
2606 silly tarball no local data for p-locate@https://registry.npmjs.org/p-locate/-/p-locate-5.0.0.tgz. Extracting by manifest.
2607 silly tarball no local data for type-check@https://registry.npmjs.org/type-check/-/type-check-0.4.0.tgz. Extracting by manifest.
2608 silly tarball no local data for argparse@https://registry.npmjs.org/argparse/-/argparse-2.0.1.tgz. Extracting by manifest.
2609 silly tarball no local data for is-extglob@https://registry.npmjs.org/is-extglob/-/is-extglob-2.1.1.tgz. Extracting by manifest.
2610 silly tarball no local data for set-function-name@https://registry.npmjs.org/set-function-name/-/set-function-name-2.0.2.tgz. Extracting by manifest.
2611 silly tarball no local data for to-regex-range@https://registry.npmjs.org/to-regex-range/-/to-regex-range-5.0.1.tgz. Extracting by manifest.
2612 silly tarball no local data for json-buffer@https://registry.npmjs.org/json-buffer/-/json-buffer-3.0.1.tgz. Extracting by manifest.
2613 silly tarball no local data for prelude-ls@https://registry.npmjs.org/prelude-ls/-/prelude-ls-1.2.1.tgz. Extracting by manifest.
2614 silly tarball no local data for hermes-estree@https://registry.npmjs.org/hermes-estree/-/hermes-estree-0.25.1.tgz. Extracting by manifest.
2615 silly tarball no local data for language-subtag-registry@https://registry.npmjs.org/language-subtag-registry/-/language-subtag-registry-0.3.23.tgz. Extracting by manifest.
2616 silly tarball no local data for side-channel@https://registry.npmjs.org/side-channel/-/side-channel-1.1.1.tgz. Extracting by manifest.
2617 silly tarball no local data for resolve-from@https://registry.npmjs.org/resolve-from/-/resolve-from-4.0.0.tgz. Extracting by manifest.
2618 silly tarball no local data for parent-module@https://registry.npmjs.org/parent-module/-/parent-module-1.0.1.tgz. Extracting by manifest.
2619 silly tarball no local data for resolve-pkg-maps@https://registry.npmjs.org/resolve-pkg-maps/-/resolve-pkg-maps-1.0.0.tgz. Extracting by manifest.
2620 silly tarball no local data for flatted@https://registry.npmjs.org/flatted/-/flatted-3.4.4.tgz. Extracting by manifest.
2621 silly tarball no local data for is-document.all@https://registry.npmjs.org/is-document.all/-/is-document.all-1.0.0.tgz. Extracting by manifest.
2622 silly tarball no local data for keyv@https://registry.npmjs.org/keyv/-/keyv-4.5.4.tgz. Extracting by manifest.
2623 silly tarball no local data for dunder-proto@https://registry.npmjs.org/dunder-proto/-/dunder-proto-1.0.1.tgz. Extracting by manifest.
2624 silly tarball no local data for functions-have-names@https://registry.npmjs.org/functions-have-names/-/functions-have-names-1.2.3.tgz. Extracting by manifest.
2625 silly tarball no local data for locate-path@https://registry.npmjs.org/locate-path/-/locate-path-6.0.0.tgz. Extracting by manifest.
2626 silly tarball no local data for path-exists@https://registry.npmjs.org/path-exists/-/path-exists-4.0.0.tgz. Extracting by manifest.
2627 silly tarball no local data for reusify@https://registry.npmjs.org/reusify/-/reusify-1.1.0.tgz. Extracting by manifest.
2628 silly tarball no local data for run-parallel@https://registry.npmjs.org/run-parallel/-/run-parallel-1.2.0.tgz. Extracting by manifest.
2629 silly tarball no local data for flat-cache@https://registry.npmjs.org/flat-cache/-/flat-cache-4.0.1.tgz. Extracting by manifest.
2630 silly tarball no local data for fastq@https://registry.npmjs.org/fastq/-/fastq-1.20.3.tgz. Extracting by manifest.
2631 silly tarball no local data for merge2@https://registry.npmjs.org/merge2/-/merge2-1.4.1.tgz. Extracting by manifest.
2632 silly tarball no local data for @nodelib/fs.scandir@https://registry.npmjs.org/@nodelib/fs.scandir/-/fs.scandir-2.1.5.tgz. Extracting by manifest.
2633 silly tarball no local data for @nodelib/fs.walk@https://registry.npmjs.org/@nodelib/fs.walk/-/fs.walk-1.2.8.tgz. Extracting by manifest.
2634 silly tarball no local data for micromatch@https://registry.npmjs.org/micromatch/-/micromatch-4.0.8.tgz. Extracting by manifest.
2635 silly tarball no local data for @nodelib/fs.stat@https://registry.npmjs.org/@nodelib/fs.stat/-/fs.stat-2.0.5.tgz. Extracting by manifest.
2636 silly tarball no local data for @babel/helper-string-parser@https://registry.npmjs.org/@babel/helper-string-parser/-/helper-string-parser-7.29.7.tgz. Extracting by manifest.
2637 silly tarball no local data for @jridgewell/sourcemap-codec@https://registry.npmjs.org/@jridgewell/sourcemap-codec/-/sourcemap-codec-1.6.0.tgz. Extracting by manifest.
2638 silly tarball no local data for acorn-jsx@https://registry.npmjs.org/acorn-jsx/-/acorn-jsx-5.3.2.tgz. Extracting by manifest.
2639 silly tarball no local data for esrecurse@https://registry.npmjs.org/esrecurse/-/esrecurse-4.3.0.tgz. Extracting by manifest.
2640 silly tarball no local data for acorn@https://registry.npmjs.org/acorn/-/acorn-8.18.0.tgz. Extracting by manifest.
2641 silly tarball no local data for @babel/helper-globals@https://registry.npmjs.org/@babel/helper-globals/-/helper-globals-7.29.7.tgz. Extracting by manifest.
2642 silly tarball no local data for @babel/helper-module-imports@https://registry.npmjs.org/@babel/helper-module-imports/-/helper-module-imports-7.29.7.tgz. Extracting by manifest.
2643 silly tarball no local data for @babel/helper-validator-option@https://registry.npmjs.org/@babel/helper-validator-option/-/helper-validator-option-7.29.7.tgz. Extracting by manifest.
2644 silly tarball no local data for @babel/compat-data@https://registry.npmjs.org/@babel/compat-data/-/compat-data-7.29.7.tgz. Extracting by manifest.
2645 silly tarball no local data for lru-cache@https://registry.npmjs.org/lru-cache/-/lru-cache-5.1.1.tgz. Extracting by manifest.
2646 silly tarball no local data for jsesc@https://registry.npmjs.org/jsesc/-/jsesc-3.1.0.tgz. Extracting by manifest.
2647 silly tarball no local data for @jridgewell/resolve-uri@https://registry.npmjs.org/@jridgewell/resolve-uri/-/resolve-uri-3.1.2.tgz. Extracting by manifest.
2648 silly tarball no local data for @jridgewell/gen-mapping@https://registry.npmjs.org/@jridgewell/gen-mapping/-/gen-mapping-0.3.13.tgz. Extracting by manifest.
2649 silly tarball no local data for @babel/helper-validator-identifier@https://registry.npmjs.org/@babel/helper-validator-identifier/-/helper-validator-identifier-7.29.7.tgz. Extracting by manifest.
2650 silly tarball no local data for @jridgewell/trace-mapping@https://registry.npmjs.org/@jridgewell/trace-mapping/-/trace-mapping-0.3.31.tgz. Extracting by manifest.
2651 silly tarball no local data for @babel/types@https://registry.npmjs.org/@babel/types/-/types-7.29.8.tgz. Extracting by manifest.
2652 silly tarball no local data for json5@https://registry.npmjs.org/json5/-/json5-2.2.3.tgz. Extracting by manifest.
2653 silly tarball no local data for convert-source-map@https://registry.npmjs.org/convert-source-map/-/convert-source-map-2.0.0.tgz. Extracting by manifest.
2654 silly tarball no local data for @jridgewell/remapping@https://registry.npmjs.org/@jridgewell/remapping/-/remapping-2.3.5.tgz. Extracting by manifest.
2655 silly tarball no local data for gensync@https://registry.npmjs.org/gensync/-/gensync-1.0.0-beta.2.tgz. Extracting by manifest.
2656 silly tarball no local data for @babel/traverse@https://registry.npmjs.org/@babel/traverse/-/traverse-7.29.8.tgz. Extracting by manifest.
2657 silly tarball no local data for @babel/helper-module-transforms@https://registry.npmjs.org/@babel/helper-module-transforms/-/helper-module-transforms-7.29.7.tgz. Extracting by manifest.
2658 silly tarball no local data for @babel/generator@https://registry.npmjs.org/@babel/generator/-/generator-7.29.8.tgz. Extracting by manifest.
2659 silly tarball no local data for @babel/template@https://registry.npmjs.org/@babel/template/-/template-7.29.7.tgz. Extracting by manifest.
2660 silly tarball no local data for @babel/helper-compilation-targets@https://registry.npmjs.org/@babel/helper-compilation-targets/-/helper-compilation-targets-7.29.7.tgz. Extracting by manifest.
2661 silly tarball no local data for @babel/helpers@https://registry.npmjs.org/@babel/helpers/-/helpers-7.29.7.tgz. Extracting by manifest.
2662 silly tarball no local data for @babel/code-frame@https://registry.npmjs.org/@babel/code-frame/-/code-frame-7.29.7.tgz. Extracting by manifest.
2663 silly tarball no local data for @babel/core@https://registry.npmjs.org/@babel/core/-/core-7.29.7.tgz. Extracting by manifest.
2664 silly tarball no local data for zod-validation-error@https://registry.npmjs.org/zod-validation-error/-/zod-validation-error-4.0.2.tgz. Extracting by manifest.
2665 silly tarball no local data for @babel/parser@https://registry.npmjs.org/@babel/parser/-/parser-7.29.9.tgz. Extracting by manifest.
2666 silly tarball no local data for iterator.prototype@https://registry.npmjs.org/iterator.prototype/-/iterator.prototype-1.1.5.tgz. Extracting by manifest.
2667 silly tarball no local data for zod@https://registry.npmjs.org/zod/-/zod-4.6.5.tgz. Extracting by manifest.
2668 silly tarball no local data for string.prototype.matchall@https://registry.npmjs.org/string.prototype.matchall/-/string.prototype.matchall-4.1.0.tgz. Extracting by manifest.
2669 silly tarball no local data for string.prototype.repeat@https://registry.npmjs.org/string.prototype.repeat/-/string.prototype.repeat-1.0.0.tgz. Extracting by manifest.
2670 silly tarball no local data for prop-types@https://registry.npmjs.org/prop-types/-/prop-types-15.8.1.tgz. Extracting by manifest.
2671 silly tarball no local data for hermes-parser@https://registry.npmjs.org/hermes-parser/-/hermes-parser-0.25.1.tgz. Extracting by manifest.
2672 silly tarball no local data for object.entries@https://registry.npmjs.org/object.entries/-/object.entries-1.1.9.tgz. Extracting by manifest.
2673 silly tarball no local data for es-iterator-helpers@https://registry.npmjs.org/es-iterator-helpers/-/es-iterator-helpers-1.4.0.tgz. Extracting by manifest.
2674 silly tarball no local data for jsx-ast-utils@https://registry.npmjs.org/jsx-ast-utils/-/jsx-ast-utils-3.3.5.tgz. Extracting by manifest.
2675 silly tarball no local data for array.prototype.tosorted@https://registry.npmjs.org/array.prototype.tosorted/-/array.prototype.tosorted-1.1.4.tgz. Extracting by manifest.
2676 silly tarball no local data for string.prototype.includes@https://registry.npmjs.org/string.prototype.includes/-/string.prototype.includes-2.0.1.tgz. Extracting by manifest.
2677 silly tarball no local data for estraverse@https://registry.npmjs.org/estraverse/-/estraverse-5.3.0.tgz. Extracting by manifest.
2678 silly tarball no local data for emoji-regex@https://registry.npmjs.org/emoji-regex/-/emoji-regex-9.2.2.tgz. Extracting by manifest.
2679 silly tarball no local data for language-tags@https://registry.npmjs.org/language-tags/-/language-tags-1.0.9.tgz. Extracting by manifest.
2680 silly tarball no local data for array.prototype.findlast@https://registry.npmjs.org/array.prototype.findlast/-/array.prototype.findlast-1.2.5.tgz. Extracting by manifest.
2681 silly tarball no local data for damerau-levenshtein@https://registry.npmjs.org/damerau-levenshtein/-/damerau-levenshtein-1.0.8.tgz. Extracting by manifest.
2682 silly tarball no local data for axe-core@https://registry.npmjs.org/axe-core/-/axe-core-4.13.0.tgz. Extracting by manifest.
2683 silly tarball no local data for is-symbol@https://registry.npmjs.org/is-symbol/-/is-symbol-1.1.1.tgz. Extracting by manifest.
2684 silly tarball no local data for axobject-query@https://registry.npmjs.org/axobject-query/-/axobject-query-4.1.0.tgz. Extracting by manifest.
2685 silly tarball no local data for aria-query@https://registry.npmjs.org/aria-query/-/aria-query-5.3.2.tgz. Extracting by manifest.
2686 silly tarball no local data for is-date-object@https://registry.npmjs.org/is-date-object/-/is-date-object-1.1.0.tgz. Extracting by manifest.
2687 silly tarball no local data for has-tostringtag@https://registry.npmjs.org/has-tostringtag/-/has-tostringtag-1.0.2.tgz. Extracting by manifest.
2688 silly tarball no local data for es-abstract-get@https://registry.npmjs.org/es-abstract-get/-/es-abstract-get-1.0.0.tgz. Extracting by manifest.
2689 silly tarball no local data for unbox-primitive@https://registry.npmjs.org/unbox-primitive/-/unbox-primitive-1.1.0.tgz. Extracting by manifest.
2690 silly tarball no local data for possible-typed-array-names@https://registry.npmjs.org/possible-typed-array-names/-/possible-typed-array-names-1.1.0.tgz. Extracting by manifest.
2691 silly tarball no local data for which-typed-array@https://registry.npmjs.org/which-typed-array/-/which-typed-array-1.1.24.tgz. Extracting by manifest.
2692 silly tarball no local data for ast-types-flow@https://registry.npmjs.org/ast-types-flow/-/ast-types-flow-0.0.8.tgz. Extracting by manifest.
2693 silly tarball no local data for typed-array-length@https://registry.npmjs.org/typed-array-length/-/typed-array-length-1.0.8.tgz. Extracting by manifest.
2694 silly tarball no local data for typed-array-byte-length@https://registry.npmjs.org/typed-array-byte-length/-/typed-array-byte-length-1.0.3.tgz. Extracting by manifest.
2695 silly tarball no local data for string.prototype.trimstart@https://registry.npmjs.org/string.prototype.trimstart/-/string.prototype.trimstart-1.0.8.tgz. Extracting by manifest.
2696 silly tarball no local data for set-proto@https://registry.npmjs.org/set-proto/-/set-proto-1.0.0.tgz. Extracting by manifest.
2697 silly tarball no local data for typed-array-byte-offset@https://registry.npmjs.org/typed-array-byte-offset/-/typed-array-byte-offset-1.0.5.tgz. Extracting by manifest.
2698 silly tarball no local data for typed-array-buffer@https://registry.npmjs.org/typed-array-buffer/-/typed-array-buffer-1.0.3.tgz. Extracting by manifest.
2699 silly tarball no local data for stop-iteration-iterator@https://registry.npmjs.org/stop-iteration-iterator/-/stop-iteration-iterator-1.1.0.tgz. Extracting by manifest.
2700 silly tarball no local data for safe-regex-test@https://registry.npmjs.org/safe-regex-test/-/safe-regex-test-1.1.0.tgz. Extracting by manifest.
2701 silly tarball no local data for safe-array-concat@https://registry.npmjs.org/safe-array-concat/-/safe-array-concat-1.1.4.tgz. Extracting by manifest.
2702 silly tarball no local data for safe-push-apply@https://registry.npmjs.org/safe-push-apply/-/safe-push-apply-1.0.0.tgz. Extracting by manifest.
2703 silly tarball no local data for own-keys@https://registry.npmjs.org/own-keys/-/own-keys-1.0.2.tgz. Extracting by manifest.
2704 silly tarball no local data for is-weakref@https://registry.npmjs.org/is-weakref/-/is-weakref-1.1.1.tgz. Extracting by manifest.
2705 silly tarball no local data for object-inspect@https://registry.npmjs.org/object-inspect/-/object-inspect-1.13.4.tgz. Extracting by manifest.
2706 silly tarball no local data for string.prototype.trim@https://registry.npmjs.org/string.prototype.trim/-/string.prototype.trim-1.2.11.tgz. Extracting by manifest.
2707 silly tarball no local data for is-typed-array@https://registry.npmjs.org/is-typed-array/-/is-typed-array-1.1.15.tgz. Extracting by manifest.
2708 silly tarball no local data for object.assign@https://registry.npmjs.org/object.assign/-/object.assign-4.1.7.tgz. Extracting by manifest.
2709 silly tarball no local data for is-regex@https://registry.npmjs.org/is-regex/-/is-regex-1.2.1.tgz. Extracting by manifest.
2710 silly tarball no local data for regexp.prototype.flags@https://registry.npmjs.org/regexp.prototype.flags/-/regexp.prototype.flags-1.5.4.tgz. Extracting by manifest.
2711 silly tarball no local data for is-shared-array-buffer@https://registry.npmjs.org/is-shared-array-buffer/-/is-shared-array-buffer-1.0.4.tgz. Extracting by manifest.
2712 silly tarball no local data for is-array-buffer@https://registry.npmjs.org/is-array-buffer/-/is-array-buffer-3.0.5.tgz. Extracting by manifest.
2713 silly tarball no local data for is-data-view@https://registry.npmjs.org/is-data-view/-/is-data-view-1.0.2.tgz. Extracting by manifest.
2714 silly tarball no local data for is-negative-zero@https://registry.npmjs.org/is-negative-zero/-/is-negative-zero-2.0.3.tgz. Extracting by manifest.
2715 silly tarball no local data for is-callable@https://registry.npmjs.org/is-callable/-/is-callable-1.2.7.tgz. Extracting by manifest.
2716 silly tarball no local data for globalthis@https://registry.npmjs.org/globalthis/-/globalthis-1.0.4.tgz. Extracting by manifest.
2717 silly tarball no local data for internal-slot@https://registry.npmjs.org/internal-slot/-/internal-slot-1.1.0.tgz. Extracting by manifest.
2718 silly tarball no local data for get-symbol-description@https://registry.npmjs.org/get-symbol-description/-/get-symbol-description-1.1.0.tgz. Extracting by manifest.
2719 silly tarball no local data for has-proto@https://registry.npmjs.org/has-proto/-/has-proto-1.2.0.tgz. Extracting by manifest.
2720 silly tarball no local data for has-symbols@https://registry.npmjs.org/has-symbols/-/has-symbols-1.1.0.tgz. Extracting by manifest.
2721 silly tarball no local data for get-proto@https://registry.npmjs.org/get-proto/-/get-proto-1.0.1.tgz. Extracting by manifest.
2722 silly tarball no local data for es-to-primitive@https://registry.npmjs.org/es-to-primitive/-/es-to-primitive-1.3.4.tgz. Extracting by manifest.
2723 silly tarball no local data for is-set@https://registry.npmjs.org/is-set/-/is-set-2.0.3.tgz. Extracting by manifest.
2724 silly tarball no local data for function.prototype.name@https://registry.npmjs.org/function.prototype.name/-/function.prototype.name-1.2.0.tgz. Extracting by manifest.
2725 silly tarball no local data for data-view-buffer@https://registry.npmjs.org/data-view-buffer/-/data-view-buffer-1.0.2.tgz. Extracting by manifest.
2726 silly tarball no local data for es-set-tostringtag@https://registry.npmjs.org/es-set-tostringtag/-/es-set-tostringtag-2.1.0.tgz. Extracting by manifest.
2727 silly tarball no local data for available-typed-arrays@https://registry.npmjs.org/available-typed-arrays/-/available-typed-arrays-1.0.7.tgz. Extracting by manifest.
2728 silly tarball no local data for arraybuffer.prototype.slice@https://registry.npmjs.org/arraybuffer.prototype.slice/-/arraybuffer.prototype.slice-1.0.4.tgz. Extracting by manifest.
2729 silly tarball no local data for array-buffer-byte-length@https://registry.npmjs.org/array-buffer-byte-length/-/array-buffer-byte-length-1.0.2.tgz. Extracting by manifest.
2730 silly tarball no local data for object-keys@https://registry.npmjs.org/object-keys/-/object-keys-1.1.1.tgz. Extracting by manifest.
2731 silly tarball no local data for data-view-byte-length@https://registry.npmjs.org/data-view-byte-length/-/data-view-byte-length-1.0.2.tgz. Extracting by manifest.
2732 silly tarball no local data for function-bind@https://registry.npmjs.org/function-bind/-/function-bind-1.1.2.tgz. Extracting by manifest.
2733 silly tarball no local data for data-view-byte-offset@https://registry.npmjs.org/data-view-byte-offset/-/data-view-byte-offset-1.0.1.tgz. Extracting by manifest.
2734 silly tarball no local data for define-data-property@https://registry.npmjs.org/define-data-property/-/define-data-property-1.1.4.tgz. Extracting by manifest.
2735 silly tarball no local data for gopd@https://registry.npmjs.org/gopd/-/gopd-1.2.0.tgz. Extracting by manifest.
2736 silly tarball no local data for has-property-descriptors@https://registry.npmjs.org/has-property-descriptors/-/has-property-descriptors-1.0.2.tgz. Extracting by manifest.
2737 silly tarball no local data for get-intrinsic@https://registry.npmjs.org/get-intrinsic/-/get-intrinsic-1.3.0.tgz. Extracting by manifest.
2738 silly tarball no local data for set-function-length@https://registry.npmjs.org/set-function-length/-/set-function-length-1.2.2.tgz. Extracting by manifest.
2739 silly tarball no local data for call-bind-apply-helpers@https://registry.npmjs.org/call-bind-apply-helpers/-/call-bind-apply-helpers-1.0.2.tgz. Extracting by manifest.
2740 silly tarball no local data for es-define-property@https://registry.npmjs.org/es-define-property/-/es-define-property-1.0.1.tgz. Extracting by manifest.
2741 silly tarball no local data for is-string@https://registry.npmjs.org/is-string/-/is-string-1.1.1.tgz. Extracting by manifest.
2742 silly tarball no local data for math-intrinsics@https://registry.npmjs.org/math-intrinsics/-/math-intrinsics-1.1.0.tgz. Extracting by manifest.
2743 silly tarball no local data for es-errors@https://registry.npmjs.org/es-errors/-/es-errors-1.3.0.tgz. Extracting by manifest.
2744 silly tarball no local data for es-object-atoms@https://registry.npmjs.org/es-object-atoms/-/es-object-atoms-1.1.2.tgz. Extracting by manifest.
2745 silly tarball no local data for es-shim-unscopables@https://registry.npmjs.org/es-shim-unscopables/-/es-shim-unscopables-1.1.0.tgz. Extracting by manifest.
2746 silly tarball no local data for define-properties@https://registry.npmjs.org/define-properties/-/define-properties-1.2.1.tgz. Extracting by manifest.
2747 silly tarball no local data for tsconfig-paths@https://registry.npmjs.org/tsconfig-paths/-/tsconfig-paths-3.15.0.tgz. Extracting by manifest.
2748 silly tarball no local data for es-abstract@https://registry.npmjs.org/es-abstract/-/es-abstract-1.24.2.tgz. Extracting by manifest.
2749 silly tarball no local data for string.prototype.trimend@https://registry.npmjs.org/string.prototype.trimend/-/string.prototype.trimend-1.0.10.tgz. Extracting by manifest.
2750 silly tarball no local data for call-bind@https://registry.npmjs.org/call-bind/-/call-bind-1.0.9.tgz. Extracting by manifest.
2751 silly tarball no local data for object.values@https://registry.npmjs.org/object.values/-/object.values-1.2.1.tgz. Extracting by manifest.
2752 silly tarball no local data for object.fromentries@https://registry.npmjs.org/object.fromentries/-/object.fromentries-2.0.8.tgz. Extracting by manifest.
2753 silly tarball no local data for call-bound@https://registry.npmjs.org/call-bound/-/call-bound-1.0.4.tgz. Extracting by manifest.
2754 silly tarball no local data for hasown@https://registry.npmjs.org/hasown/-/hasown-2.0.4.tgz. Extracting by manifest.
2755 silly tarball no local data for eslint-module-utils@https://registry.npmjs.org/eslint-module-utils/-/eslint-module-utils-2.14.0.tgz. Extracting by manifest.
2756 silly tarball no local data for array.prototype.flatmap@https://registry.npmjs.org/array.prototype.flatmap/-/array.prototype.flatmap-1.3.3.tgz. Extracting by manifest.
2757 silly tarball no local data for array-includes@https://registry.npmjs.org/array-includes/-/array-includes-3.2.0.tgz. Extracting by manifest.
2758 silly tarball no local data for object.groupby@https://registry.npmjs.org/object.groupby/-/object.groupby-1.0.3.tgz. Extracting by manifest.
2759 silly tarball no local data for semver@https://registry.npmjs.org/semver/-/semver-6.3.1.tgz. Extracting by manifest.
2760 silly tarball no local data for array.prototype.flat@https://registry.npmjs.org/array.prototype.flat/-/array.prototype.flat-1.3.3.tgz. Extracting by manifest.
2761 silly tarball no local data for @rtsao/scc@https://registry.npmjs.org/@rtsao/scc/-/scc-1.1.0.tgz. Extracting by manifest.
2762 silly tarball no local data for unrs-resolver@https://registry.npmjs.org/unrs-resolver/-/unrs-resolver-1.12.2.tgz. Extracting by manifest.
2763 silly tarball no local data for array.prototype.findlastindex@https://registry.npmjs.org/array.prototype.findlastindex/-/array.prototype.findlastindex-1.2.6.tgz. Extracting by manifest.
2764 silly tarball no local data for tinyglobby@https://registry.npmjs.org/tinyglobby/-/tinyglobby-0.2.17.tgz. Extracting by manifest.
2765 silly tarball no local data for stable-hash@https://registry.npmjs.org/stable-hash/-/stable-hash-0.0.5.tgz. Extracting by manifest.
2766 silly tarball no local data for is-bun-module@https://registry.npmjs.org/is-bun-module/-/is-bun-module-2.0.0.tgz. Extracting by manifest.
2767 silly tarball no local data for get-tsconfig@https://registry.npmjs.org/get-tsconfig/-/get-tsconfig-4.14.3.tgz. Extracting by manifest.
2768 silly tarball no local data for doctrine@https://registry.npmjs.org/doctrine/-/doctrine-2.1.0.tgz. Extracting by manifest.
2769 silly tarball no local data for is-core-module@https://registry.npmjs.org/is-core-module/-/is-core-module-2.17.0.tgz. Extracting by manifest.
2770 silly tarball no local data for supports-color@https://registry.npmjs.org/supports-color/-/supports-color-7.2.0.tgz. Extracting by manifest.
2771 silly tarball no local data for ansi-styles@https://registry.npmjs.org/ansi-styles/-/ansi-styles-4.3.0.tgz. Extracting by manifest.
2772 silly tarball no local data for @nolyfill/is-core-module@https://registry.npmjs.org/@nolyfill/is-core-module/-/is-core-module-1.0.39.tgz. Extracting by manifest.
2773 silly tarball no local data for resolve@https://registry.npmjs.org/resolve/-/resolve-2.0.0-next.7.tgz. Extracting by manifest.
2774 silly tarball no local data for color-convert@https://registry.npmjs.org/color-convert/-/color-convert-2.0.1.tgz. Extracting by manifest.
2775 silly tarball no local data for color-name@https://registry.npmjs.org/color-name/-/color-name-1.1.4.tgz. Extracting by manifest.
2776 silly tarball no local data for js-yaml@https://registry.npmjs.org/js-yaml/-/js-yaml-4.3.2.tgz. Extracting by manifest.
2777 silly tarball no local data for import-fresh@https://registry.npmjs.org/import-fresh/-/import-fresh-3.3.1.tgz. Extracting by manifest.
2778 silly tarball no local data for @eslint/object-schema@https://registry.npmjs.org/@eslint/object-schema/-/object-schema-2.1.7.tgz. Extracting by manifest.
2779 silly tarball no local data for minimatch@https://registry.npmjs.org/minimatch/-/minimatch-3.1.5.tgz. Extracting by manifest.
2780 silly tarball no local data for strip-json-comments@https://registry.npmjs.org/strip-json-comments/-/strip-json-comments-3.1.1.tgz. Extracting by manifest.
2781 silly tarball no local data for lodash.merge@https://registry.npmjs.org/lodash.merge/-/lodash.merge-4.6.2.tgz. Extracting by manifest.
2782 silly tarball no local data for file-entry-cache@https://registry.npmjs.org/file-entry-cache/-/file-entry-cache-8.0.0.tgz. Extracting by manifest.
2783 silly tarball no local data for espree@https://registry.npmjs.org/espree/-/espree-10.4.0.tgz. Extracting by manifest.
2784 silly tarball no local data for eslint-visitor-keys@https://registry.npmjs.org/eslint-visitor-keys/-/eslint-visitor-keys-4.2.1.tgz. Extracting by manifest.
2785 silly tarball no local data for eslint-scope@https://registry.npmjs.org/eslint-scope/-/eslint-scope-8.4.0.tgz. Extracting by manifest.
2786 silly tarball no local data for chalk@https://registry.npmjs.org/chalk/-/chalk-4.1.2.tgz. Extracting by manifest.
2787 silly tarball no local data for @eslint/js@https://registry.npmjs.org/@eslint/js/-/js-9.39.5.tgz. Extracting by manifest.
2788 silly tarball no local data for @eslint/eslintrc@https://registry.npmjs.org/@eslint/eslintrc/-/eslintrc-3.3.7.tgz. Extracting by manifest.
2789 silly tarball no local data for @eslint/config-array@https://registry.npmjs.org/@eslint/config-array/-/config-array-0.21.2.tgz. Extracting by manifest.
2790 silly tarball no local data for @eslint/plugin-kit@https://registry.npmjs.org/@eslint/plugin-kit/-/plugin-kit-0.4.1.tgz. Extracting by manifest.
2791 silly tarball no local data for @types/json-schema@https://registry.npmjs.org/@types/json-schema/-/json-schema-7.0.15.tgz. Extracting by manifest.
2792 silly tarball no local data for @types/estree@https://registry.npmjs.org/@types/estree/-/estree-1.0.9.tgz. Extracting by manifest.
2793 silly tarball no local data for @eslint/core@https://registry.npmjs.org/@eslint/core/-/core-0.17.0.tgz. Extracting by manifest.
2794 silly tarball no local data for @eslint/config-helpers@https://registry.npmjs.org/@eslint/config-helpers/-/config-helpers-0.4.2.tgz. Extracting by manifest.
2795 silly tarball no local data for globals@https://registry.npmjs.org/globals/-/globals-16.4.0.tgz. Extracting by manifest.
2796 silly tarball no local data for typescript@https://registry.npmjs.org/typescript/-/typescript-6.0.3.tgz. Extracting by manifest.
2797 silly tarball no local data for eslint-plugin-jsx-a11y@https://registry.npmjs.org/eslint-plugin-jsx-a11y/-/eslint-plugin-jsx-a11y-6.10.2.tgz. Extracting by manifest.
2798 silly tarball no local data for eslint-plugin-react-hooks@https://registry.npmjs.org/eslint-plugin-react-hooks/-/eslint-plugin-react-hooks-7.1.1.tgz. Extracting by manifest.
2799 silly tarball no local data for eslint-plugin-import@https://registry.npmjs.org/eslint-plugin-import/-/eslint-plugin-import-2.32.0.tgz. Extracting by manifest.
2800 silly tarball no local data for eslint-plugin-react@https://registry.npmjs.org/eslint-plugin-react/-/eslint-plugin-react-7.37.5.tgz. Extracting by manifest.
2801 silly tarball no local data for fast-glob@https://registry.npmjs.org/fast-glob/-/fast-glob-3.3.1.tgz. Extracting by manifest.
2802 silly tarball no local data for typescript-eslint@https://registry.npmjs.org/typescript-eslint/-/typescript-eslint-8.71.0.tgz. Extracting by manifest.
2803 silly tarball no local data for eslint@https://registry.npmjs.org/eslint/-/eslint-9.39.5.tgz. Extracting by manifest.
2804 silly tarball no local data for @next/eslint-plugin-next@https://registry.npmjs.org/@next/eslint-plugin-next/-/eslint-plugin-next-16.3.8.tgz. Extracting by manifest.
2805 silly tarball no local data for eslint-import-resolver-node@https://registry.npmjs.org/eslint-import-resolver-node/-/eslint-import-resolver-node-0.3.10.tgz. Extracting by manifest.
2806 silly tarball no local data for shebang-command@https://registry.npmjs.org/shebang-command/-/shebang-command-2.0.0.tgz. Extracting by manifest.
2807 silly tarball no local data for which@https://registry.npmjs.org/which/-/which-2.0.2.tgz. Extracting by manifest.
2808 silly tarball no local data for path-key@https://registry.npmjs.org/path-key/-/path-key-3.1.1.tgz. Extracting by manifest.
2809 silly tarball no local data for uri-js@https://registry.npmjs.org/uri-js/-/uri-js-4.4.1.tgz. Extracting by manifest.
2810 silly tarball no local data for fast-json-stable-stringify@https://registry.npmjs.org/fast-json-stable-stringify/-/fast-json-stable-stringify-2.1.0.tgz. Extracting by manifest.
2811 silly tarball no local data for @humanfs/types@https://registry.npmjs.org/@humanfs/types/-/types-0.15.0.tgz. Extracting by manifest.
2812 silly tarball no local data for json-schema-traverse@https://registry.npmjs.org/json-schema-traverse/-/json-schema-traverse-0.4.1.tgz. Extracting by manifest.
2813 silly tarball no local data for optionator@https://registry.npmjs.org/optionator/-/optionator-0.9.4.tgz. Extracting by manifest.
2814 silly tarball no local data for ms@https://registry.npmjs.org/ms/-/ms-2.1.3.tgz. Extracting by manifest.
2815 silly tarball no local data for eslint-import-resolver-typescript@https://registry.npmjs.org/eslint-import-resolver-typescript/-/eslint-import-resolver-typescript-3.10.1.tgz. Extracting by manifest.
2816 silly tarball no local data for levn@https://registry.npmjs.org/levn/-/levn-0.4.1.tgz. Extracting by manifest.
2817 silly tarball no local data for is-glob@https://registry.npmjs.org/is-glob/-/is-glob-4.0.3.tgz. Extracting by manifest.
2818 silly tarball no local data for json-stable-stringify-without-jsonify@https://registry.npmjs.org/json-stable-stringify-without-jsonify/-/json-stable-stringify-without-jsonify-1.0.1.tgz. Extracting by manifest.
2819 silly tarball no local data for glob-parent@https://registry.npmjs.org/glob-parent/-/glob-parent-6.0.2.tgz. Extracting by manifest.
2820 silly tarball no local data for ignore@https://registry.npmjs.org/ignore/-/ignore-5.3.2.tgz. Extracting by manifest.
2821 silly tarball no local data for find-up@https://registry.npmjs.org/find-up/-/find-up-5.0.0.tgz. Extracting by manifest.
2822 silly tarball no local data for fast-deep-equal@https://registry.npmjs.org/fast-deep-equal/-/fast-deep-equal-3.1.3.tgz. Extracting by manifest.
2823 silly tarball no local data for esquery@https://registry.npmjs.org/esquery/-/esquery-1.7.0.tgz. Extracting by manifest.
2824 silly tarball no local data for esutils@https://registry.npmjs.org/esutils/-/esutils-2.0.3.tgz. Extracting by manifest.
2825 silly tarball no local data for escape-string-regexp@https://registry.npmjs.org/escape-string-regexp/-/escape-string-regexp-4.0.0.tgz. Extracting by manifest.
2826 silly tarball no local data for imurmurhash@https://registry.npmjs.org/imurmurhash/-/imurmurhash-0.1.4.tgz. Extracting by manifest.
2827 silly tarball no local data for debug@https://registry.npmjs.org/debug/-/debug-4.4.3.tgz. Extracting by manifest.
2828 silly tarball no local data for natural-compare@https://registry.npmjs.org/natural-compare/-/natural-compare-1.4.0.tgz. Extracting by manifest.
2829 silly tarball no local data for cross-spawn@https://registry.npmjs.org/cross-spawn/-/cross-spawn-7.0.6.tgz. Extracting by manifest.
2830 silly tarball no local data for ajv@https://registry.npmjs.org/ajv/-/ajv-6.15.0.tgz. Extracting by manifest.
2831 silly tarball no local data for @humanfs/node@https://registry.npmjs.org/@humanfs/node/-/node-0.16.8.tgz. Extracting by manifest.
2832 silly tarball no local data for @eslint-community/eslint-utils@https://registry.npmjs.org/@eslint-community/eslint-utils/-/eslint-utils-4.10.1.tgz. Extracting by manifest.
2833 silly tarball no local data for @humanwhocodes/module-importer@https://registry.npmjs.org/@humanwhocodes/module-importer/-/module-importer-1.0.1.tgz. Extracting by manifest.
2834 silly tarball no local data for @eslint-community/regexpp@https://registry.npmjs.org/@eslint-community/regexpp/-/regexpp-4.12.2.tgz. Extracting by manifest.
2835 silly tarball no local data for node-releases@https://registry.npmjs.org/node-releases/-/node-releases-2.0.57.tgz. Extracting by manifest.
2836 silly tarball no local data for @humanwhocodes/retry@https://registry.npmjs.org/@humanwhocodes/retry/-/retry-0.4.3.tgz. Extracting by manifest.
2837 silly tarball no local data for update-browserslist-db@https://registry.npmjs.org/update-browserslist-db/-/update-browserslist-db-1.3.3.tgz. Extracting by manifest.
2838 silly tarball no local data for electron-to-chromium@https://registry.npmjs.org/electron-to-chromium/-/electron-to-chromium-1.5.443.tgz. Extracting by manifest.
2839 silly tarball no local data for baseline-browser-mapping@https://registry.npmjs.org/baseline-browser-mapping/-/baseline-browser-mapping-2.11.27.tgz. Extracting by manifest.
2840 silly tarball no local data for postcss-value-parser@https://registry.npmjs.org/postcss-value-parser/-/postcss-value-parser-4.2.0.tgz. Extracting by manifest.
2841 silly tarball no local data for browserslist@https://registry.npmjs.org/browserslist/-/browserslist-4.29.3.tgz. Extracting by manifest.
2842 silly tarball no local data for @humanfs/core@https://registry.npmjs.org/@humanfs/core/-/core-0.19.2.tgz. Extracting by manifest.
2843 silly tarball no local data for csstype@https://registry.npmjs.org/csstype/-/csstype-3.2.3.tgz. Extracting by manifest.
2844 silly tarball no local data for undici-types@https://registry.npmjs.org/undici-types/-/undici-types-8.9.0.tgz. Extracting by manifest.
2845 silly tarball no local data for fraction.js@https://registry.npmjs.org/fraction.js/-/fraction.js-5.3.4.tgz. Extracting by manifest.
2846 silly tarball no local data for tailwindcss@https://registry.npmjs.org/tailwindcss/-/tailwindcss-4.3.3.tgz. Extracting by manifest.
2847 silly tarball no local data for eslint-config-next@https://registry.npmjs.org/eslint-config-next/-/eslint-config-next-16.3.8.tgz. Extracting by manifest.
2848 silly tarball no local data for @types/react-dom@https://registry.npmjs.org/@types/react-dom/-/react-dom-19.3.0.tgz. Extracting by manifest.
2849 silly tarball no local data for autoprefixer@https://registry.npmjs.org/autoprefixer/-/autoprefixer-10.6.1.tgz. Extracting by manifest.
2850 silly tarball no local data for postcss@https://registry.npmjs.org/postcss/-/postcss-8.5.28.tgz. Extracting by manifest.
2851 silly tarball no local data for @types/react@https://registry.npmjs.org/@types/react/-/react-19.3.0.tgz. Extracting by manifest.
2852 silly tarball no local data for @types/node@https://registry.npmjs.org/@types/node/-/node-26.6.4.tgz. Extracting by manifest.
2853 silly tarball no local data for balanced-match@https://registry.npmjs.org/balanced-match/-/balanced-match-4.0.4.tgz. Extracting by manifest.
2854 silly tarball no local data for eslint-visitor-keys@https://registry.npmjs.org/eslint-visitor-keys/-/eslint-visitor-keys-5.0.1.tgz. Extracting by manifest.
2855 silly tarball no local data for minimatch@https://registry.npmjs.org/minimatch/-/minimatch-10.2.6.tgz. Extracting by manifest.
2856 silly tarball no local data for ignore@https://registry.npmjs.org/ignore/-/ignore-7.0.11.tgz. Extracting by manifest.
2857 silly tarball no local data for brace-expansion@https://registry.npmjs.org/brace-expansion/-/brace-expansion-5.0.12.tgz. Extracting by manifest.
2858 silly tarball no local data for json5@https://registry.npmjs.org/json5/-/json5-1.0.2.tgz. Extracting by manifest.
2859 silly tarball no local data for semver@https://registry.npmjs.org/semver/-/semver-7.8.5.tgz. Extracting by manifest.
2860 silly tarball no local data for picomatch@https://registry.npmjs.org/picomatch/-/picomatch-4.0.7.tgz. Extracting by manifest.
2861 silly tarball no local data for fdir@https://registry.npmjs.org/fdir/-/fdir-6.5.0.tgz. Extracting by manifest.
2862 silly tarball no local data for globals@https://registry.npmjs.org/globals/-/globals-14.0.0.tgz. Extracting by manifest.
2863 silly tarball no local data for glob-parent@https://registry.npmjs.org/glob-parent/-/glob-parent-5.1.2.tgz. Extracting by manifest.
2864 silly tarball no local data for semver@https://registry.npmjs.org/semver/-/semver-7.8.5.tgz. Extracting by manifest.
2865 silly tarball no local data for debug@https://registry.npmjs.org/debug/-/debug-3.2.7.tgz. Extracting by manifest.
2866 silly tarball no local data for debug@https://registry.npmjs.org/debug/-/debug-3.2.7.tgz. Extracting by manifest.
2867 silly tarball no local data for debug@https://registry.npmjs.org/debug/-/debug-3.2.7.tgz. Extracting by manifest.
2868 silly tarball no local data for eslint-visitor-keys@https://registry.npmjs.org/eslint-visitor-keys/-/eslint-visitor-keys-3.4.3.tgz. Extracting by manifest.
2869 silly tarball no local data for @eslint-community/eslint-utils@https://registry.npmjs.org/@eslint-community/eslint-utils/-/eslint-utils-4.9.1.tgz. Extracting by manifest.
2870 silly tarball no local data for eslint-visitor-keys@https://registry.npmjs.org/eslint-visitor-keys/-/eslint-visitor-keys-3.4.3.tgz. Extracting by manifest.
2871 silly tarball no local data for postcss@https://registry.npmjs.org/postcss/-/postcss-8.4.31.tgz. Extracting by manifest.
2872 http fetch POST 200 https://registry.npmjs.org/-/npm/v1/security/advisories/bulk 463ms
2873 silly audit report {
2873 silly audit report   next: [
2873 silly audit report     {
2873 silly audit report       id: 1117931,
2873 silly audit report       url: 'https://github.com/advisories/GHSA-8h8q-6873-q5fj',
2873 silly audit report       title: 'Next.js Vulnerable to Denial of Service with Server Components',
2873 silly audit report       severity: 'high',
2873 silly audit report       vulnerable_versions: '>=13.0.0 <15.5.16',
2873 silly audit report       cwe: [Array],
2873 silly audit report       cvss: [Object]
2873 silly audit report     },
2873 silly audit report     {
2873 silly audit report       id: 1118942,
2873 silly audit report       url: 'https://github.com/advisories/GHSA-3g8h-86w9-wvmq',
2873 silly audit report       title: "Next.js's Middleware / Proxy redirects can be cache-poisoned",
2873 silly audit report       severity: 'low',
2873 silly audit report       vulnerable_versions: '>=12.2.0 <15.5.16',
2873 silly audit report       cwe: [Array],
2873 silly audit report       cvss: [Object]
2873 silly audit report     },
2873 silly audit report     {
2873 silly audit report       id: 1118944,
2873 silly audit report       url: 'https://github.com/advisories/GHSA-ffhc-5mcf-pf4q',
2873 silly audit report       title: 'Next.js vulnerable to cross-site scripting in App Router applications using CSP nonces',
2873 silly audit report       severity: 'moderate',
2873 silly audit report       vulnerable_versions: '>=13.4.0 <15.5.16',
2873 silly audit report       cwe: [Array],
2873 silly audit report       cvss: [Object]
2873 silly audit report     },
2873 silly audit report     {
2873 silly audit report       id: 1118946,
2873 silly audit report       url: 'https://github.com/advisories/GHSA-vfv6-92ff-j949',
2873 silly audit report       title: 'Next.js vulnerable to cache poisoning via collisions in React Server Component cache-busting',
2873 silly audit report       severity: 'low',
2873 silly audit report       vulnerable_versions: '>=13.4.6 <15.5.16',
2873 silly audit report       cwe: [Array],
2873 silly audit report       cvss: [Object]
2873 silly audit report     },
2873 silly audit report     {
2873 silly audit report       id: 1118948,
2873 silly audit report       url: 'https://github.com/advisories/GHSA-gx5p-jg67-6x7h',
2873 silly audit report       title: 'Next.js has cross-site scripting in beforeInteractive scripts with untrusted input',
2873 silly audit report       severity: 'moderate',
2873 silly audit report       vulnerable_versions: '>=13.0.0 <15.5.16',
2873 silly audit report       cwe: [Array],
2873 silly audit report       cvss: [Object]
2873 silly audit report     },
2873 silly audit report     {
2873 silly audit report       id: 1118952,
2873 silly audit report       url: 'https://github.com/advisories/GHSA-h64f-5h5j-jqjh',
2873 silly audit report       title: 'Next.js has a Denial of Service in the Image Optimization API',
2873 silly audit report       severity: 'moderate',
2873 silly audit report       vulnerable_versions: '>=10.0.0 <15.5.16',
2873 silly audit report       cwe: [Array],
2873 silly audit report       cvss: [Object]
2873 silly audit report     },
2873 silly audit report     {
2873 silly audit report       id: 1118954,
2873 silly audit report       url: 'https://github.com/advisories/GHSA-c4j6-fc7j-m34r',
2873 silly audit report       title: 'Next.js vulnerable to server-side request forgery in applications using WebSocket upgrades',
2873 silly audit report       severity: 'high',
2873 silly audit report       vulnerable_versions: '>=13.4.13 <15.5.16',
2873 silly audit report       cwe: [Array],
2873 silly audit report       cvss: [Object]
2873 silly audit report     },
2873 silly audit report     {
2873 silly audit report       id: 1118958,
2873 silly audit report       url: 'https://github.com/advisories/GHSA-wfc6-r584-vfw7',
2873 silly audit report       title: 'Next.js vulnerable to cache poisoning in React Server Component responses',
2873 silly audit report       severity: 'moderate',
2873 silly audit report       vulnerable_versions: '>=14.2.0 <15.5.16',
2873 silly audit report       cwe: [Array],
2873 silly audit report       cvss: [Object]
2873 silly audit report     },
2873 silly audit report     {
2873 silly audit report       id: 1118962,
2873 silly audit report       url: 'https://github.com/advisories/GHSA-36qx-fr4f-26g5',
2873 silly audit report       title: 'Next.js has a Middleware / Proxy bypass in Pages Router applications using i18n',
2873 silly audit report       severity: 'high',
2873 silly audit report       vulnerable_versions: '>=12.2.0 <15.5.16',
2873 silly audit report       cwe: [Array],
2873 silly audit report       cvss: [Object]
2873 silly audit report     },
2873 silly audit report     {
2873 silly audit report       id: 1112593,
2873 silly audit report       url: 'https://github.com/advisories/GHSA-9g9p-9gw9-jx7f',
2873 silly audit report       title: 'Next.js self-hosted applications vulnerable to DoS via Image Optimizer remotePatterns configuration',
2873 silly audit report       severity: 'moderate',
2873 silly audit report       vulnerable_versions: '>=10.0.0 <15.5.10',
2873 silly audit report       cwe: [Array],
2873 silly audit report       cvss: [Object]
2873 silly audit report     },
2873 silly audit report     {
2873 silly audit report       id: 1112653,
2873 silly audit report       url: 'https://github.com/advisories/GHSA-h25m-26qc-wcjf',
2873 silly audit report       title: 'Next.js HTTP request deserialization can lead to DoS when using insecure React Server Components',
2873 silly audit report       severity: 'high',
2873 silly audit report       vulnerable_versions: '>=13.0.0 <15.0.8',
2873 silly audit report       cwe: [Array],
2873 silly audit report       cvss: [Object]
2873 silly audit report     },
2873 silly audit report     {
2873 silly audit report       id: 1114897,
2873 silly audit report       url: 'https://github.com/advisories/GHSA-ggv3-7p47-pfv8',
2873 silly audit report       title: 'Next.js: HTTP request smuggling in rewrites',
2873 silly audit report       severity: 'moderate',
2873 silly audit report       vulnerable_versions: '>=9.5.0 <15.5.13',
2873 silly audit report       cwe: [Array],
2873 silly audit report       cvss: [Object]
2873 silly audit report     },
2873 silly audit report     {
2873 silly audit report       id: 1114940,
2873 silly audit report       url: 'https://github.com/advisories/GHSA-3x4c-7xq6-9pq8',
2873 silly audit report       title: 'Next.js: Unbounded next/image disk cache growth can exhaust storage',
2873 silly audit report       severity: 'moderate',
2873 silly audit report       vulnerable_versions: '>=10.0.0 <15.5.14',
2873 silly audit report       cwe: [Array],
2873 silly audit report       cvss: [Object]
2873 silly audit report     },
2873 silly audit report     {
2873 silly audit report       id: 1116376,
2873 silly audit report       url: 'https://github.com/advisories/GHSA-q4gf-8mx6-v5v3',
2873 silly audit report       title: 'Next.js has a Denial of Service with Server Components',
2873 silly audit report       severity: 'high',
2873 silly audit report       vulnerable_versions: '>=13.0.0 <15.5.15',
2873 silly audit report       cwe: [Array],
2873 silly audit report       cvss: [Object]
2873 silly audit report     },
2873 silly audit report     {
2873 silly audit report       id: 1124185,
2873 silly audit report       url: 'https://github.com/advisories/GHSA-89xv-2m56-2m9x',
2873 silly audit report       title: 'Next.js: Server-Side Request Forgery in Server Actions on custom servers',
2873 silly audit report       severity: 'high',
2873 silly audit report       vulnerable_versions: '>=14.1.1 <15.5.21',
2873 silly audit report       cwe: [Array],
2873 silly audit report       cvss: [Object]
2873 silly audit report     },
2873 silly audit report     {
2873 silly audit report       id: 1124172,
2873 silly audit report       url: 'https://github.com/advisories/GHSA-m99w-x7hq-7vfj',
2873 silly audit report       title: 'Next.js: Denial of Service in App Router using Server Actions',
2873 silly audit report       severity: 'high',
2873 silly audit report       vulnerable_versions: '>=13.0.0 <15.5.21',
2873 silly audit report       cwe: [Array],
2873 silly audit report       cvss: [Object]
2873 silly audit report     },
2873 silly audit report     {
2873 silly audit report       id: 1124187,
2873 silly audit report       url: 'https://github.com/advisories/GHSA-68g3-v927-f742',
2873 silly audit report       title: 'Next.js: Cache confusion of response bodies for requests with bodies',
2873 silly audit report       severity: 'moderate',
2873 silly audit report       vulnerable_versions: '>=13.0.0 <15.5.21',
2873 silly audit report       cwe: [Array],
2873 silly audit report       cvss: [Object]
2873 silly audit report     },
2873 silly audit report     {
2873 silly audit report       id: 1124189,
2873 silly audit report       url: 'https://github.com/advisories/GHSA-4633-3j49-mh5q',
2873 silly audit report       title: 'Next.js: Cache confusion of response bodies for requests with bodies containing invalid UTF-8 byte sequences',
2873 silly audit report       severity: 'moderate',
2873 silly audit report       vulnerable_versions: '>=13.0.0 <15.5.21',
2873 silly audit report       cwe: [Array],
2873 silly audit report       cvss: [Object]
2873 silly audit report     },
2873 silly audit report     {
2873 silly audit report       id: 1124191,
2873 silly audit report       url: 'https://github.com/advisories/GHSA-4c39-4ccg-62r3',
2873 silly audit report       title: 'Next.js: Unbounded Server Action payload in Edge runtime',
2873 silly audit report       severity: 'moderate',
2873 silly audit report       vulnerable_versions: '>=13.0.0 <15.5.21',
2873 silly audit report       cwe: [Array],
2873 silly audit report       cvss: [Object]
2873 silly audit report     },
2873 silly audit report     {
2873 silly audit report       id: 1124193,
2873 silly audit report       url: 'https://github.com/advisories/GHSA-p9j2-gv94-2wf4',
2873 silly audit report       title: 'Next.js: Server-Side Request Forgery in rewrites via attacker-controlled destination hostname',
2873 silly audit report       severity: 'high',
2873 silly audit report       vulnerable_versions: '>=12.0.0 <15.5.21',
2873 silly audit report       cwe: [Array],
2873 silly audit report       cvss: [Object]
2873 silly audit report     },
2873 silly audit report     {
2873 silly audit report       id: 1124197,
2873 silly audit report       url: 'https://github.com/advisories/GHSA-955p-x3mx-jcvp',
2873 silly audit report       title: 'Next.js: Unauthenticated disclosure of internal Server Function endpoints',
2873 silly audit report       severity: 'moderate',
2873 silly audit report       vulnerable_versions: '>=13.0.0 <15.5.21',
2873 silly audit report       cwe: [Array],
2873 silly audit report       cvss: [Object]
2873 silly audit report     },
2873 silly audit report     {
2873 silly audit report       id: 1193677,
2873 silly audit report       url: 'https://github.com/advisories/GHSA-p293-qw3h-jr36',
2873 silly audit report       title: 'Next.js: Unauthenticated Remote Code Execution on windows-hosted servers',
2873 silly audit report       severity: 'critical',
2873 silly audit report       vulnerable_versions: '>=13.4.0 <15.5.24',
2873 silly audit report       cwe: [Array],
2873 silly audit report       cvss: [Object]
2873 silly audit report     },
2873 silly audit report     {
2873 silly audit report       id: 1193733,
2873 silly audit report       url: 'https://github.com/advisories/GHSA-2xp9-vwfh-vxw4',
2873 silly audit report       title: 'Next.js: Unauthenticated Remote Code Execution in Image Optimization API when AVIF files are used',
2873 silly audit report       severity: 'critical',
2873 silly audit report       vulnerable_versions: '>=10.0.0 <15.5.24',
2873 silly audit report       cwe: [Array],
2873 silly audit report       cvss: [Object]
2873 silly audit report     }
2873 silly audit report   ],
2873 silly audit report   postcss: [
2873 silly audit report     {
2873 silly audit report       id: 1130709,
2873 silly audit report       url: 'https://github.com/advisories/GHSA-fxqj-rqcc-2cmp',
2873 silly audit report       title: 'PostCSS: incomplete fix of GHSA-6g55-p6wh-862q — attacker-controlled sourceMappingURL reads arbitrary .map files when `from` is unset',
2873 silly audit report       severity: 'moderate',
2873 silly audit report       vulnerable_versions: '<=8.5.22',
2873 silly audit report       cwe: [Array],
2873 silly audit report       cvss: [Object]
2873 silly audit report     },
2873 silly audit report     {
2873 silly audit report       id: 1117015,
2873 silly audit report       url: 'https://github.com/advisories/GHSA-qx2v-qp2m-jg93',
2873 silly audit report       title: 'PostCSS has XSS via Unescaped </style> in its CSS Stringify Output',
2873 silly audit report       severity: 'moderate',
2873 silly audit report       vulnerable_versions: '<8.5.10',
2873 silly audit report       cwe: [Array],
2873 silly audit report       cvss: [Object]
2873 silly audit report     },
2873 silly audit report     {
2873 silly audit report       id: 1124252,
2873 silly audit report       url: 'https://github.com/advisories/GHSA-6g55-p6wh-862q',
2873 silly audit report       title: 'PostCSS: Arbitrary file read and information disclosure via attacker-controlled sourceMappingURL in CSS comments',
2873 silly audit report       severity: 'high',
2873 silly audit report       vulnerable_versions: '<=8.5.11',
2873 silly audit report       cwe: [Array],
2873 silly audit report       cvss: [Object]
2873 silly audit report     },
2873 silly audit report     {
2873 silly audit report       id: 1139510,
2873 silly audit report       url: 'https://github.com/advisories/GHSA-r28c-9q8g-f849',
2873 silly audit report       title: 'PostCSS: Path Traversal in Previous Source Map Auto-Loading (sourceMappingURL) leads to Arbitrary .map File Disclosure',
2873 silly audit report       severity: 'high',
2873 silly audit report       vulnerable_versions: '<=8.5.17',
2873 silly audit report       cwe: [Array],
2873 silly audit report       cvss: [Object]
2873 silly audit report     }
2873 silly audit report   ]
2873 silly audit report }
2874 silly packumentCache corgi:https://registry.npmjs.org/next cache-miss
2875 silly packumentCache corgi:https://registry.npmjs.org/postcss cache-miss
2876 http fetch GET 200 https://registry.npmjs.org/which-collection/-/which-collection-1.0.2.tgz 416ms (cache miss)
2877 http fetch GET 200 https://registry.npmjs.org/is-number-object/-/is-number-object-1.1.1.tgz 415ms (cache miss)
2878 http fetch GET 200 https://registry.npmjs.org/is-generator-function/-/is-generator-function-1.1.2.tgz 417ms (cache miss)
2879 http fetch GET 200 https://registry.npmjs.org/is-map/-/is-map-2.0.3.tgz 418ms (cache miss)
2880 http fetch GET 200 https://registry.npmjs.org/is-finalizationregistry/-/is-finalizationregistry-1.1.1.tgz 416ms (cache miss)
2881 http fetch GET 200 https://registry.npmjs.org/generator-function/-/generator-function-2.0.1.tgz 418ms (cache miss)
2882 http fetch GET 200 https://registry.npmjs.org/is-weakmap/-/is-weakmap-2.0.2.tgz 431ms (cache miss)
2883 http fetch GET 200 https://registry.npmjs.org/is-weakset/-/is-weakset-2.0.4.tgz 431ms (cache miss)
2884 http fetch GET 200 https://registry.npmjs.org/is-async-function/-/is-async-function-2.1.1.tgz 432ms (cache miss)
2885 http fetch GET 200 https://registry.npmjs.org/async-function/-/async-function-1.0.0.tgz 435ms (cache miss)
2886 http fetch GET 200 https://registry.npmjs.org/isexe/-/isexe-2.0.0.tgz 727ms (cache miss)
2887 http fetch GET 200 https://registry.npmjs.org/escalade/-/escalade-3.2.0.tgz 748ms (cache miss)
2888 http fetch GET 200 https://registry.npmjs.org/has-bigints/-/has-bigints-1.1.0.tgz 751ms (cache miss)
2889 http fetch GET 200 https://registry.npmjs.org/napi-postinstall/-/napi-postinstall-0.3.4.tgz 760ms (cache miss)
2890 http fetch GET 200 https://registry.npmjs.org/punycode/-/punycode-2.3.1.tgz 766ms (cache miss)
2891 http fetch GET 200 https://registry.npmjs.org/@typescript-eslint/types/-/types-8.71.0.tgz 766ms (cache miss)
2892 http fetch GET 200 https://registry.npmjs.org/@typescript-eslint/tsconfig-utils/-/tsconfig-utils-8.71.0.tgz 786ms (cache miss)
2893 http fetch GET 200 https://registry.npmjs.org/@typescript-eslint/visitor-keys/-/visitor-keys-8.71.0.tgz 877ms (cache miss)
2894 http fetch GET 200 https://registry.npmjs.org/@typescript-eslint/project-service/-/project-service-8.71.0.tgz 877ms (cache miss)
2895 http fetch GET 200 https://registry.npmjs.org/ts-api-utils/-/ts-api-utils-2.5.0.tgz 879ms (cache miss)
2896 http fetch GET 200 https://registry.npmjs.org/@typescript-eslint/type-utils/-/type-utils-8.71.0.tgz 883ms (cache miss)
2897 http fetch GET 200 https://registry.npmjs.org/@typescript-eslint/parser/-/parser-8.71.0.tgz 1111ms (cache miss)
2898 http fetch GET 200 https://registry.npmjs.org/reflect.getprototypeof/-/reflect.getprototypeof-1.0.10.tgz 1117ms (cache miss)
2899 http fetch GET 200 https://registry.npmjs.org/which-builtin-type/-/which-builtin-type-1.2.1.tgz 1121ms (cache miss)
2900 http fetch GET 200 https://registry.npmjs.org/@typescript-eslint/utils/-/utils-8.71.0.tgz 1130ms (cache miss)
2901 http fetch GET 200 https://registry.npmjs.org/minimist/-/minimist-1.2.8.tgz 1139ms (cache miss)
2902 http fetch GET 200 https://registry.npmjs.org/@typescript-eslint/scope-manager/-/scope-manager-8.71.0.tgz 1173ms (cache miss)
2903 http fetch GET 200 https://registry.npmjs.org/@typescript-eslint/eslint-plugin/-/eslint-plugin-8.71.0.tgz 1244ms (cache miss)
2904 http fetch GET 200 https://registry.npmjs.org/for-each/-/for-each-0.3.5.tgz 1259ms (cache miss)
2905 http fetch GET 200 https://registry.npmjs.org/strip-bom/-/strip-bom-3.0.0.tgz 1259ms (cache miss)
2906 http fetch GET 200 https://registry.npmjs.org/@types/json5/-/json5-0.0.29.tgz 1266ms (cache miss)
2907 http fetch GET 200 https://registry.npmjs.org/@typescript-eslint/typescript-estree/-/typescript-estree-8.71.0.tgz 1271ms (cache miss)
2908 http fetch GET 200 https://registry.npmjs.org/has-flag/-/has-flag-4.0.0.tgz 1472ms (cache miss)
2909 http fetch GET 200 https://registry.npmjs.org/is-number/-/is-number-7.0.0.tgz 1474ms (cache miss)
2910 http fetch GET 200 https://registry.npmjs.org/side-channel-weakmap/-/side-channel-weakmap-1.0.2.tgz 1491ms (cache miss)
2911 http fetch GET 200 https://registry.npmjs.org/side-channel-map/-/side-channel-map-1.0.1.tgz 1491ms (cache miss)
2912 http fetch GET 200 https://registry.npmjs.org/shebang-regex/-/shebang-regex-3.0.0.tgz 1519ms (cache miss)
2913 http fetch GET 200 https://registry.npmjs.org/isarray/-/isarray-2.0.5.tgz 1519ms (cache miss)
2914 http fetch GET 200 https://registry.npmjs.org/queue-microtask/-/queue-microtask-1.2.3.tgz 1587ms (cache miss)
2915 http fetch GET 200 https://registry.npmjs.org/react-is/-/react-is-16.13.1.tgz 1639ms (cache miss)
2916 http fetch GET 200 https://registry.npmjs.org/side-channel-list/-/side-channel-list-1.0.1.tgz 1641ms (cache miss)
2917 http fetch GET 200 https://registry.npmjs.org/object-assign/-/object-assign-4.1.1.tgz 1648ms (cache miss)
2918 http fetch GET 200 https://registry.npmjs.org/supports-preserve-symlinks-flag/-/supports-preserve-symlinks-flag-1.0.0.tgz 1648ms (cache miss)
2919 http fetch GET 200 https://registry.npmjs.org/p-limit/-/p-limit-3.1.0.tgz 1825ms (cache miss)
2920 http fetch GET 200 https://registry.npmjs.org/word-wrap/-/word-wrap-1.2.5.tgz 1836ms (cache miss)
2921 http fetch GET 200 https://registry.npmjs.org/node-exports-info/-/node-exports-info-1.6.2.tgz 1845ms (cache miss)
2922 http fetch GET 200 https://registry.npmjs.org/callsites/-/callsites-3.1.0.tgz 1847ms (cache miss)
2923 http fetch GET 200 https://registry.npmjs.org/path-parse/-/path-parse-1.0.7.tgz 1849ms (cache miss)
2924 http fetch GET 200 https://registry.npmjs.org/yocto-queue/-/yocto-queue-0.1.0.tgz 1859ms (cache miss)
2925 http fetch GET 200 https://registry.npmjs.org/fast-levenshtein/-/fast-levenshtein-2.0.6.tgz 1934ms (cache miss)
2926 http fetch GET 200 https://registry.npmjs.org/deep-is/-/deep-is-0.1.4.tgz 2038ms (cache miss)
2927 http fetch GET 200 https://registry.npmjs.org/concat-map/-/concat-map-0.0.1.tgz 2039ms (cache miss)
2928 http fetch GET 200 https://registry.npmjs.org/brace-expansion/-/brace-expansion-1.1.21.tgz 2039ms (cache miss)
2929 http fetch GET 200 https://registry.npmjs.org/balanced-match/-/balanced-match-1.0.2.tgz 2038ms (cache miss)
2930 http fetch GET 200 https://registry.npmjs.org/picomatch/-/picomatch-2.3.2.tgz 2155ms (cache miss)
2931 http fetch GET 200 https://registry.npmjs.org/fill-range/-/fill-range-7.1.1.tgz 2217ms (cache miss)
2932 http fetch GET 200 https://registry.npmjs.org/p-locate/-/p-locate-5.0.0.tgz 2228ms (cache miss)
2933 http fetch GET 200 https://registry.npmjs.org/braces/-/braces-3.0.3.tgz 2239ms (cache miss)
2934 http fetch GET 200 https://registry.npmjs.org/yallist/-/yallist-3.1.1.tgz 2239ms (cache miss)
2935 http fetch GET 200 https://registry.npmjs.org/type-check/-/type-check-0.4.0.tgz 2240ms (cache miss)
2936 http fetch GET 200 https://registry.npmjs.org/argparse/-/argparse-2.0.1.tgz 2308ms (cache miss)
2937 http fetch GET 200 https://registry.npmjs.org/set-function-name/-/set-function-name-2.0.2.tgz 2436ms (cache miss)
2938 http fetch GET 200 https://registry.npmjs.org/is-extglob/-/is-extglob-2.1.1.tgz 2436ms (cache miss)
2939 http fetch GET 200 https://registry.npmjs.org/to-regex-range/-/to-regex-range-5.0.1.tgz 2437ms (cache miss)
2940 http fetch GET 200 https://registry.npmjs.org/json-buffer/-/json-buffer-3.0.1.tgz 2437ms (cache miss)
2941 http fetch GET 200 https://registry.npmjs.org/prelude-ls/-/prelude-ls-1.2.1.tgz 2517ms (cache miss)
2942 http fetch GET 200 https://registry.npmjs.org/hermes-estree/-/hermes-estree-0.25.1.tgz 2562ms (cache miss)
2943 http fetch GET 200 https://registry.npmjs.org/resolve-from/-/resolve-from-4.0.0.tgz 2605ms (cache miss)
2944 http fetch GET 200 https://registry.npmjs.org/side-channel/-/side-channel-1.1.1.tgz 2618ms (cache miss)
2945 http fetch GET 200 https://registry.npmjs.org/parent-module/-/parent-module-1.0.1.tgz 2618ms (cache miss)
2946 http fetch GET 200 https://registry.npmjs.org/language-subtag-registry/-/language-subtag-registry-0.3.23.tgz 2621ms (cache miss)
2947 http fetch GET 200 https://registry.npmjs.org/resolve-pkg-maps/-/resolve-pkg-maps-1.0.0.tgz 2665ms (cache miss)
2948 http fetch GET 200 https://registry.npmjs.org/keyv/-/keyv-4.5.4.tgz 2838ms (cache miss)
2949 http fetch GET 200 https://registry.npmjs.org/is-document.all/-/is-document.all-1.0.0.tgz 2838ms (cache miss)
2950 http fetch GET 200 https://registry.npmjs.org/dunder-proto/-/dunder-proto-1.0.1.tgz 2838ms (cache miss)
2951 http fetch GET 200 https://registry.npmjs.org/flatted/-/flatted-3.4.4.tgz 2841ms (cache miss)
2952 http fetch GET 200 https://registry.npmjs.org/functions-have-names/-/functions-have-names-1.2.3.tgz 2853ms (cache miss)
2953 http fetch GET 200 https://registry.npmjs.org/locate-path/-/locate-path-6.0.0.tgz 2899ms (cache miss)
2954 http fetch GET 200 https://registry.npmjs.org/path-exists/-/path-exists-4.0.0.tgz 2964ms (cache miss)
2955 http fetch GET 200 https://registry.npmjs.org/run-parallel/-/run-parallel-1.2.0.tgz 2964ms (cache miss)
2956 http fetch GET 200 https://registry.npmjs.org/reusify/-/reusify-1.1.0.tgz 2965ms (cache miss)
2957 http fetch GET 200 https://registry.npmjs.org/flat-cache/-/flat-cache-4.0.1.tgz 2980ms (cache miss)
2958 http fetch GET 200 https://registry.npmjs.org/fastq/-/fastq-1.20.3.tgz 3014ms (cache miss)
2959 http fetch GET 200 https://registry.npmjs.org/@nodelib/fs.stat/-/fs.stat-2.0.5.tgz 3198ms (cache miss)
2960 http fetch GET 200 https://registry.npmjs.org/merge2/-/merge2-1.4.1.tgz 3229ms (cache miss)
2961 http fetch GET 200 https://registry.npmjs.org/@babel/helper-string-parser/-/helper-string-parser-7.29.7.tgz 3250ms (cache miss)
2962 http fetch GET 200 https://registry.npmjs.org/@nodelib/fs.walk/-/fs.walk-1.2.8.tgz 3257ms (cache miss)
2963 http fetch GET 200 https://registry.npmjs.org/micromatch/-/micromatch-4.0.8.tgz 3258ms (cache miss)
2964 http fetch GET 200 https://registry.npmjs.org/@nodelib/fs.scandir/-/fs.scandir-2.1.5.tgz 3258ms (cache miss)
2965 http fetch GET 200 https://registry.npmjs.org/acorn-jsx/-/acorn-jsx-5.3.2.tgz 3316ms (cache miss)
2966 http fetch GET 200 https://registry.npmjs.org/esrecurse/-/esrecurse-4.3.0.tgz 3317ms (cache miss)
2967 http fetch GET 200 https://registry.npmjs.org/@jridgewell/sourcemap-codec/-/sourcemap-codec-1.6.0.tgz 3337ms (cache miss)
2968 http fetch GET 200 https://registry.npmjs.org/@babel/helper-globals/-/helper-globals-7.29.7.tgz 3381ms (cache miss)
2969 http fetch GET 200 https://registry.npmjs.org/acorn/-/acorn-8.18.0.tgz 3381ms (cache miss)
2970 http fetch GET 200 https://registry.npmjs.org/@babel/helper-module-imports/-/helper-module-imports-7.29.7.tgz 3531ms (cache miss)
2971 http fetch GET 200 https://registry.npmjs.org/@babel/compat-data/-/compat-data-7.29.7.tgz 3596ms (cache miss)
2972 http fetch GET 200 https://registry.npmjs.org/@babel/helper-validator-option/-/helper-validator-option-7.29.7.tgz 3609ms (cache miss)
2973 http fetch GET 200 https://registry.npmjs.org/lru-cache/-/lru-cache-5.1.1.tgz 3640ms (cache miss)
2974 http fetch GET 200 https://registry.npmjs.org/jsesc/-/jsesc-3.1.0.tgz 3643ms (cache miss)
2975 http fetch GET 200 https://registry.npmjs.org/@jridgewell/resolve-uri/-/resolve-uri-3.1.2.tgz 3651ms (cache miss)
2976 http fetch GET 200 https://registry.npmjs.org/@babel/helper-validator-identifier/-/helper-validator-identifier-7.29.7.tgz 3687ms (cache miss)
2977 http fetch GET 200 https://registry.npmjs.org/@jridgewell/gen-mapping/-/gen-mapping-0.3.13.tgz 3691ms (cache miss)
2978 http fetch GET 200 https://registry.npmjs.org/@jridgewell/trace-mapping/-/trace-mapping-0.3.31.tgz 3710ms (cache miss)
2979 http fetch GET 200 https://registry.npmjs.org/json5/-/json5-2.2.3.tgz 3763ms (cache miss)
2980 http fetch GET 200 https://registry.npmjs.org/@babel/types/-/types-7.29.8.tgz 3800ms (cache miss)
2981 http fetch GET 200 https://registry.npmjs.org/convert-source-map/-/convert-source-map-2.0.0.tgz 3884ms (cache miss)
2982 http fetch GET 200 https://registry.npmjs.org/@jridgewell/remapping/-/remapping-2.3.5.tgz 3953ms (cache miss)
2983 http fetch GET 200 https://registry.npmjs.org/gensync/-/gensync-1.0.0-beta.2.tgz 3999ms (cache miss)
2984 http fetch GET 200 https://registry.npmjs.org/@babel/helper-module-transforms/-/helper-module-transforms-7.29.7.tgz 4055ms (cache miss)
2985 http fetch GET 200 https://registry.npmjs.org/@babel/helper-compilation-targets/-/helper-compilation-targets-7.29.7.tgz 4143ms (cache miss)
2986 http fetch GET 200 https://registry.npmjs.org/@babel/template/-/template-7.29.7.tgz 4144ms (cache miss)
2987 http fetch GET 200 https://registry.npmjs.org/@babel/generator/-/generator-7.29.8.tgz 4146ms (cache miss)
2988 http fetch GET 200 https://registry.npmjs.org/@babel/traverse/-/traverse-7.29.8.tgz 4146ms (cache miss)
2989 http fetch GET 200 https://registry.npmjs.org/@babel/code-frame/-/code-frame-7.29.7.tgz 4222ms (cache miss)
2990 http fetch GET 200 https://registry.npmjs.org/@babel/helpers/-/helpers-7.29.7.tgz 4224ms (cache miss)
2991 http fetch GET 200 https://registry.npmjs.org/@babel/core/-/core-7.29.7.tgz 4298ms (cache miss)
2992 http fetch GET 200 https://registry.npmjs.org/is-bigint/-/is-bigint-1.1.0.tgz 4325ms (cache miss)
2993 http fetch GET 200 https://registry.npmjs.org/which-boxed-primitive/-/which-boxed-primitive-1.1.1.tgz 4326ms (cache miss)
2994 http fetch GET 200 https://registry.npmjs.org/is-boolean-object/-/is-boolean-object-1.2.2.tgz 4332ms (cache miss)
2995 http fetch GET 200 https://registry.npmjs.org/zod-validation-error/-/zod-validation-error-4.0.2.tgz 4317ms (cache miss)
2996 http fetch GET 200 https://registry.npmjs.org/iterator.prototype/-/iterator.prototype-1.1.5.tgz 4388ms (cache miss)
2997 http fetch GET 200 https://registry.npmjs.org/@babel/parser/-/parser-7.29.9.tgz 4389ms (cache miss)
2998 http fetch GET 200 https://registry.npmjs.org/string.prototype.repeat/-/string.prototype.repeat-1.0.0.tgz 4552ms (cache miss)
2999 http fetch GET 200 https://registry.npmjs.org/string.prototype.matchall/-/string.prototype.matchall-4.1.0.tgz 4565ms (cache miss)
3000 http fetch GET 200 https://registry.npmjs.org/prop-types/-/prop-types-15.8.1.tgz 4634ms (cache miss)
3001 http fetch GET 200 https://registry.npmjs.org/zod/-/zod-4.6.5.tgz 4763ms (cache miss)
3002 http fetch GET 200 https://registry.npmjs.org/object.entries/-/object.entries-1.1.9.tgz 4766ms (cache miss)
3003 http fetch GET 200 https://registry.npmjs.org/hermes-parser/-/hermes-parser-0.25.1.tgz 4831ms (cache miss)
3004 http fetch GET 200 https://registry.npmjs.org/estraverse/-/estraverse-5.3.0.tgz 4834ms (cache miss)
3005 http fetch GET 200 https://registry.npmjs.org/language-tags/-/language-tags-1.0.9.tgz 4858ms (cache miss)
3006 http fetch GET 200 https://registry.npmjs.org/array.prototype.tosorted/-/array.prototype.tosorted-1.1.4.tgz 4863ms (cache miss)
3007 http fetch GET 200 https://registry.npmjs.org/emoji-regex/-/emoji-regex-9.2.2.tgz 4863ms (cache miss)
3008 http fetch GET 200 https://registry.npmjs.org/array.prototype.findlast/-/array.prototype.findlast-1.2.5.tgz 4863ms (cache miss)
3009 http fetch GET 200 https://registry.npmjs.org/string.prototype.includes/-/string.prototype.includes-2.0.1.tgz 4864ms (cache miss)
3010 http fetch GET 200 https://registry.npmjs.org/es-iterator-helpers/-/es-iterator-helpers-1.4.0.tgz 4873ms (cache miss)
3011 http fetch GET 200 https://registry.npmjs.org/jsx-ast-utils/-/jsx-ast-utils-3.3.5.tgz 4886ms (cache miss)
3012 http fetch GET 200 https://registry.npmjs.org/damerau-levenshtein/-/damerau-levenshtein-1.0.8.tgz 4958ms (cache miss)
3013 http fetch GET 200 https://registry.npmjs.org/is-symbol/-/is-symbol-1.1.1.tgz 5064ms (cache miss)
3014 http fetch GET 200 https://registry.npmjs.org/axe-core/-/axe-core-4.13.0.tgz 5065ms (cache miss)
3015 http fetch GET 200 https://registry.npmjs.org/es-abstract-get/-/es-abstract-get-1.0.0.tgz 5165ms (cache miss)
3016 http fetch GET 200 https://registry.npmjs.org/aria-query/-/aria-query-5.3.2.tgz 5172ms (cache miss)
3017 http fetch GET 200 https://registry.npmjs.org/typed-array-length/-/typed-array-length-1.0.8.tgz 5176ms (cache miss)
3018 http fetch GET 200 https://registry.npmjs.org/has-tostringtag/-/has-tostringtag-1.0.2.tgz 5185ms (cache miss)
3019 http fetch GET 200 https://registry.npmjs.org/axobject-query/-/axobject-query-4.1.0.tgz 5194ms (cache miss)
3020 http fetch GET 200 https://registry.npmjs.org/unbox-primitive/-/unbox-primitive-1.1.0.tgz 5196ms (cache miss)
3021 http fetch GET 200 https://registry.npmjs.org/possible-typed-array-names/-/possible-typed-array-names-1.1.0.tgz 5195ms (cache miss)
3022 http fetch GET 200 https://registry.npmjs.org/is-date-object/-/is-date-object-1.1.0.tgz 5211ms (cache miss)
3023 http fetch GET 200 https://registry.npmjs.org/ast-types-flow/-/ast-types-flow-0.0.8.tgz 5211ms (cache miss)
3024 http fetch GET 200 https://registry.npmjs.org/which-typed-array/-/which-typed-array-1.1.24.tgz 5234ms (cache miss)
3025 http fetch GET 200 https://registry.npmjs.org/typed-array-byte-length/-/typed-array-byte-length-1.0.3.tgz 5235ms (cache miss)
3026 http fetch GET 200 https://registry.npmjs.org/string.prototype.trimstart/-/string.prototype.trimstart-1.0.8.tgz 5325ms (cache miss)
3027 http fetch GET 200 https://registry.npmjs.org/set-proto/-/set-proto-1.0.0.tgz 5415ms (cache miss)
3028 http fetch GET 200 https://registry.npmjs.org/typed-array-buffer/-/typed-array-buffer-1.0.3.tgz 5464ms (cache miss)
3029 http fetch GET 200 https://registry.npmjs.org/typed-array-byte-offset/-/typed-array-byte-offset-1.0.5.tgz 5465ms (cache miss)
3030 http fetch GET 200 https://registry.npmjs.org/safe-array-concat/-/safe-array-concat-1.1.4.tgz 5506ms (cache miss)
3031 http fetch GET 200 https://registry.npmjs.org/safe-regex-test/-/safe-regex-test-1.1.0.tgz 5506ms (cache miss)
3032 http fetch GET 200 https://registry.npmjs.org/safe-push-apply/-/safe-push-apply-1.0.0.tgz 5539ms (cache miss)
3033 http fetch GET 200 https://registry.npmjs.org/stop-iteration-iterator/-/stop-iteration-iterator-1.1.0.tgz 5557ms (cache miss)
3034 http fetch GET 200 https://registry.npmjs.org/own-keys/-/own-keys-1.0.2.tgz 5594ms (cache miss)
3035 http fetch GET 200 https://registry.npmjs.org/is-weakref/-/is-weakref-1.1.1.tgz 5596ms (cache miss)
3036 http fetch GET 200 https://registry.npmjs.org/is-typed-array/-/is-typed-array-1.1.15.tgz 5605ms (cache miss)
3037 http fetch GET 200 https://registry.npmjs.org/string.prototype.trim/-/string.prototype.trim-1.2.11.tgz 5638ms (cache miss)
3038 http fetch GET 200 https://registry.npmjs.org/object.assign/-/object.assign-4.1.7.tgz 5641ms (cache miss)
3039 http fetch GET 200 https://registry.npmjs.org/object-inspect/-/object-inspect-1.13.4.tgz 5645ms (cache miss)
3040 http fetch GET 200 https://registry.npmjs.org/is-regex/-/is-regex-1.2.1.tgz 5689ms (cache miss)
3041 http fetch GET 200 https://registry.npmjs.org/@unrs/resolver-binding-darwin-arm64/-/resolver-binding-darwin-arm64-1.12.2.tgz 5718ms (cache miss)
3042 http fetch GET 200 https://registry.npmjs.org/regexp.prototype.flags/-/regexp.prototype.flags-1.5.4.tgz 5812ms (cache miss)
3043 http fetch GET 200 https://registry.npmjs.org/is-array-buffer/-/is-array-buffer-3.0.5.tgz 5811ms (cache miss)
3044 http fetch GET 200 https://registry.npmjs.org/is-data-view/-/is-data-view-1.0.2.tgz 5835ms (cache miss)
3045 http fetch GET 200 https://registry.npmjs.org/is-shared-array-buffer/-/is-shared-array-buffer-1.0.4.tgz 5862ms (cache miss)
3046 http fetch GET 200 https://registry.npmjs.org/is-negative-zero/-/is-negative-zero-2.0.3.tgz 5874ms (cache miss)
3047 http fetch GET 200 https://registry.npmjs.org/is-callable/-/is-callable-1.2.7.tgz 5920ms (cache miss)
3048 http fetch GET 200 https://registry.npmjs.org/internal-slot/-/internal-slot-1.1.0.tgz 5931ms (cache miss)
3049 http fetch GET 200 https://registry.npmjs.org/get-symbol-description/-/get-symbol-description-1.1.0.tgz 5944ms (cache miss)
3050 http fetch GET 200 https://registry.npmjs.org/has-proto/-/has-proto-1.2.0.tgz 5944ms (cache miss)
3051 http fetch GET 200 https://registry.npmjs.org/has-symbols/-/has-symbols-1.1.0.tgz 5944ms (cache miss)
3052 http fetch GET 200 https://registry.npmjs.org/globalthis/-/globalthis-1.0.4.tgz 5952ms (cache miss)
3053 http fetch GET 200 https://registry.npmjs.org/get-proto/-/get-proto-1.0.1.tgz 5993ms (cache miss)
3054 http fetch GET 200 https://registry.npmjs.org/es-to-primitive/-/es-to-primitive-1.3.4.tgz 5997ms (cache miss)
3055 http fetch GET 200 https://registry.npmjs.org/function.prototype.name/-/function.prototype.name-1.2.0.tgz 6007ms (cache miss)
3056 http fetch GET 200 https://registry.npmjs.org/is-set/-/is-set-2.0.3.tgz 6028ms (cache miss)
3057 http fetch GET 200 https://registry.npmjs.org/data-view-buffer/-/data-view-buffer-1.0.2.tgz 6175ms (cache miss)
3058 http fetch GET 200 https://registry.npmjs.org/es-set-tostringtag/-/es-set-tostringtag-2.1.0.tgz 6178ms (cache miss)
3059 http fetch GET 200 https://registry.npmjs.org/available-typed-arrays/-/available-typed-arrays-1.0.7.tgz 6185ms (cache miss)
3060 http fetch GET 200 https://registry.npmjs.org/array-buffer-byte-length/-/array-buffer-byte-length-1.0.2.tgz 6220ms (cache miss)
3061 http fetch GET 200 https://registry.npmjs.org/arraybuffer.prototype.slice/-/arraybuffer.prototype.slice-1.0.4.tgz 6261ms (cache miss)
3062 http fetch GET 200 https://registry.npmjs.org/object-keys/-/object-keys-1.1.1.tgz 6298ms (cache miss)
3063 http fetch GET 200 https://registry.npmjs.org/data-view-byte-length/-/data-view-byte-length-1.0.2.tgz 6317ms (cache miss)
3064 http fetch GET 200 https://registry.npmjs.org/function-bind/-/function-bind-1.1.2.tgz 6328ms (cache miss)
3065 http fetch GET 200 https://registry.npmjs.org/define-data-property/-/define-data-property-1.1.4.tgz 6334ms (cache miss)
3066 http fetch GET 200 https://registry.npmjs.org/set-function-length/-/set-function-length-1.2.2.tgz 6335ms (cache miss)
3067 http fetch GET 200 https://registry.npmjs.org/data-view-byte-offset/-/data-view-byte-offset-1.0.1.tgz 6335ms (cache miss)
3068 http fetch GET 200 https://registry.npmjs.org/gopd/-/gopd-1.2.0.tgz 6343ms (cache miss)
3069 http fetch GET 200 https://registry.npmjs.org/has-property-descriptors/-/has-property-descriptors-1.0.2.tgz 6382ms (cache miss)
3070 http fetch GET 200 https://registry.npmjs.org/call-bind-apply-helpers/-/call-bind-apply-helpers-1.0.2.tgz 6381ms (cache miss)
3071 http fetch GET 200 https://registry.npmjs.org/get-intrinsic/-/get-intrinsic-1.3.0.tgz 6389ms (cache miss)
3072 http fetch GET 200 https://registry.npmjs.org/es-define-property/-/es-define-property-1.0.1.tgz 6512ms (cache miss)
3073 http fetch GET 200 https://registry.npmjs.org/is-string/-/is-string-1.1.1.tgz 6533ms (cache miss)
3074 http fetch GET 200 https://registry.npmjs.org/math-intrinsics/-/math-intrinsics-1.1.0.tgz 6538ms (cache miss)
3075 http fetch GET 200 https://registry.npmjs.org/es-errors/-/es-errors-1.3.0.tgz 6546ms (cache miss)
3076 http fetch GET 200 https://registry.npmjs.org/es-object-atoms/-/es-object-atoms-1.1.2.tgz 6662ms (cache miss)
3077 http fetch GET 200 https://registry.npmjs.org/call-bind/-/call-bind-1.0.9.tgz 6667ms (cache miss)
3078 http fetch GET 200 https://registry.npmjs.org/es-shim-unscopables/-/es-shim-unscopables-1.1.0.tgz 6668ms (cache miss)
3079 http fetch GET 200 https://registry.npmjs.org/define-properties/-/define-properties-1.2.1.tgz 6694ms (cache miss)
3080 http fetch GET 200 https://registry.npmjs.org/tsconfig-paths/-/tsconfig-paths-3.15.0.tgz 6705ms (cache miss)
3081 http fetch GET 200 https://registry.npmjs.org/string.prototype.trimend/-/string.prototype.trimend-1.0.10.tgz 6746ms (cache miss)
3082 http fetch GET 200 https://registry.npmjs.org/call-bound/-/call-bound-1.0.4.tgz 6747ms (cache miss)
3083 http fetch GET 200 https://registry.npmjs.org/object.values/-/object.values-1.2.1.tgz 6747ms (cache miss)
3084 http fetch GET 200 https://registry.npmjs.org/object.fromentries/-/object.fromentries-2.0.8.tgz 6771ms (cache miss)
3085 http fetch GET 200 https://registry.npmjs.org/hasown/-/hasown-2.0.4.tgz 6775ms (cache miss)
3086 http fetch GET 200 https://registry.npmjs.org/array-includes/-/array-includes-3.2.0.tgz 6906ms (cache miss)
3087 http fetch GET 200 https://registry.npmjs.org/eslint-module-utils/-/eslint-module-utils-2.14.0.tgz 6929ms (cache miss)
3088 http fetch GET 200 https://registry.npmjs.org/object.groupby/-/object.groupby-1.0.3.tgz 6928ms (cache miss)
3089 http fetch GET 200 https://registry.npmjs.org/array.prototype.flatmap/-/array.prototype.flatmap-1.3.3.tgz 6930ms (cache miss)
3090 http fetch GET 200 https://registry.npmjs.org/array.prototype.flat/-/array.prototype.flat-1.3.3.tgz 6991ms (cache miss)
3091 http fetch GET 200 https://registry.npmjs.org/@rtsao/scc/-/scc-1.1.0.tgz 7111ms (cache miss)
3092 http fetch GET 200 https://registry.npmjs.org/unrs-resolver/-/unrs-resolver-1.12.2.tgz 7114ms (cache miss)
3093 http fetch GET 200 https://registry.npmjs.org/semver/-/semver-6.3.1.tgz 7115ms (cache miss)
3094 http fetch GET 200 https://registry.npmjs.org/array.prototype.findlastindex/-/array.prototype.findlastindex-1.2.6.tgz 7115ms (cache miss)
3095 http fetch GET 200 https://registry.npmjs.org/stable-hash/-/stable-hash-0.0.5.tgz 7115ms (cache miss)
3096 http fetch GET 200 https://registry.npmjs.org/is-bun-module/-/is-bun-module-2.0.0.tgz 7116ms (cache miss)
3097 http fetch GET 200 https://registry.npmjs.org/tinyglobby/-/tinyglobby-0.2.17.tgz 7132ms (cache miss)
3098 http fetch GET 200 https://registry.npmjs.org/get-tsconfig/-/get-tsconfig-4.14.3.tgz 7173ms (cache miss)
3099 http fetch GET 200 https://registry.npmjs.org/doctrine/-/doctrine-2.1.0.tgz 7177ms (cache miss)
3100 http fetch GET 200 https://registry.npmjs.org/ansi-styles/-/ansi-styles-4.3.0.tgz 7277ms (cache miss)
3101 http fetch GET 200 https://registry.npmjs.org/@nolyfill/is-core-module/-/is-core-module-1.0.39.tgz 7277ms (cache miss)
3102 http fetch GET 200 https://registry.npmjs.org/supports-color/-/supports-color-7.2.0.tgz 7278ms (cache miss)
3103 http fetch GET 200 https://registry.npmjs.org/is-core-module/-/is-core-module-2.17.0.tgz 7278ms (cache miss)
3104 http fetch GET 200 https://registry.npmjs.org/resolve/-/resolve-2.0.0-next.7.tgz 7373ms (cache miss)
3105 http fetch GET 200 https://registry.npmjs.org/color-name/-/color-name-1.1.4.tgz 7442ms (cache miss)
3106 http fetch GET 200 https://registry.npmjs.org/color-convert/-/color-convert-2.0.1.tgz 7489ms (cache miss)
3107 http fetch GET 200 https://registry.npmjs.org/import-fresh/-/import-fresh-3.3.1.tgz 7488ms (cache miss)
3108 http fetch GET 200 https://registry.npmjs.org/strip-json-comments/-/strip-json-comments-3.1.1.tgz 7522ms (cache miss)
3109 http fetch GET 200 https://registry.npmjs.org/minimatch/-/minimatch-3.1.5.tgz 7523ms (cache miss)
3110 http fetch GET 200 https://registry.npmjs.org/@eslint/object-schema/-/object-schema-2.1.7.tgz 7544ms (cache miss)
3111 http fetch GET 200 https://registry.npmjs.org/lodash.merge/-/lodash.merge-4.6.2.tgz 7566ms (cache miss)
3112 http fetch GET 200 https://registry.npmjs.org/file-entry-cache/-/file-entry-cache-8.0.0.tgz 7567ms (cache miss)
3113 http fetch GET 200 https://registry.npmjs.org/js-yaml/-/js-yaml-4.3.2.tgz 7616ms (cache miss)
3114 http fetch GET 200 https://registry.npmjs.org/espree/-/espree-10.4.0.tgz 7621ms (cache miss)
3115 http fetch GET 200 https://registry.npmjs.org/eslint-visitor-keys/-/eslint-visitor-keys-4.2.1.tgz 7621ms (cache miss)
3116 http fetch GET 200 https://registry.npmjs.org/chalk/-/chalk-4.1.2.tgz 7623ms (cache miss)
3117 http fetch GET 200 https://registry.npmjs.org/eslint-scope/-/eslint-scope-8.4.0.tgz 7665ms (cache miss)
3118 http fetch GET 200 https://registry.npmjs.org/@eslint/js/-/js-9.39.5.tgz 7676ms (cache miss)
3119 http fetch GET 200 https://registry.npmjs.org/@eslint/config-array/-/config-array-0.21.2.tgz 7837ms (cache miss)
3120 http fetch GET 200 https://registry.npmjs.org/@types/json-schema/-/json-schema-7.0.15.tgz 7934ms (cache miss)
3121 http fetch GET 200 https://registry.npmjs.org/@eslint/config-helpers/-/config-helpers-0.4.2.tgz 7934ms (cache miss)
3122 http fetch GET 200 https://registry.npmjs.org/@types/estree/-/estree-1.0.9.tgz 7935ms (cache miss)
3123 http fetch GET 200 https://registry.npmjs.org/@eslint/core/-/core-0.17.0.tgz 7936ms (cache miss)
3124 http fetch GET 200 https://registry.npmjs.org/globals/-/globals-16.4.0.tgz 7937ms (cache miss)
3125 http fetch GET 200 https://registry.npmjs.org/@eslint/plugin-kit/-/plugin-kit-0.4.1.tgz 7938ms (cache miss)
3126 http fetch GET 200 https://registry.npmjs.org/@eslint/eslintrc/-/eslintrc-3.3.7.tgz 7986ms (cache miss)
3127 http fetch GET 200 https://registry.npmjs.org/eslint-plugin-jsx-a11y/-/eslint-plugin-jsx-a11y-6.10.2.tgz 8229ms (cache miss)
3128 http fetch GET 200 https://registry.npmjs.org/es-abstract/-/es-abstract-1.24.2.tgz 8237ms (cache miss)
3129 http fetch GET 200 https://registry.npmjs.org/typescript-eslint/-/typescript-eslint-8.71.0.tgz 8328ms (cache miss)
3130 http fetch GET 200 https://registry.npmjs.org/@next/eslint-plugin-next/-/eslint-plugin-next-16.3.8.tgz 8971ms (cache miss)
3131 http fetch GET 200 https://registry.npmjs.org/eslint-import-resolver-node/-/eslint-import-resolver-node-0.3.10.tgz 9014ms (cache miss)
3132 http fetch GET 200 https://registry.npmjs.org/shebang-command/-/shebang-command-2.0.0.tgz 9018ms (cache miss)
3133 http fetch GET 200 https://registry.npmjs.org/path-key/-/path-key-3.1.1.tgz 9059ms (cache miss)
3134 http fetch GET 200 https://registry.npmjs.org/which/-/which-2.0.2.tgz 9082ms (cache miss)
3135 http fetch GET 200 https://registry.npmjs.org/fast-json-stable-stringify/-/fast-json-stable-stringify-2.1.0.tgz 9106ms (cache miss)
3136 http fetch GET 200 https://registry.npmjs.org/uri-js/-/uri-js-4.4.1.tgz 9195ms (cache miss)
3137 http fetch GET 200 https://registry.npmjs.org/json-schema-traverse/-/json-schema-traverse-0.4.1.tgz 9460ms (cache miss)
3138 http fetch GET 200 https://registry.npmjs.org/@humanfs/types/-/types-0.15.0.tgz 9462ms (cache miss)
3139 http fetch GET 200 https://registry.npmjs.org/eslint-plugin-import/-/eslint-plugin-import-2.32.0.tgz 9468ms (cache miss)
3140 http fetch GET 200 https://registry.npmjs.org/fast-glob/-/fast-glob-3.3.1.tgz 9489ms (cache miss)
3141 http fetch GET 200 https://registry.npmjs.org/eslint-plugin-react-hooks/-/eslint-plugin-react-hooks-7.1.1.tgz 9592ms (cache miss)
3142 http fetch GET 200 https://registry.npmjs.org/ms/-/ms-2.1.3.tgz 9604ms (cache miss)
3143 http fetch GET 200 https://registry.npmjs.org/optionator/-/optionator-0.9.4.tgz 9605ms (cache miss)
3144 http fetch GET 200 https://registry.npmjs.org/eslint-import-resolver-typescript/-/eslint-import-resolver-typescript-3.10.1.tgz 9617ms (cache miss)
3145 http fetch GET 200 https://registry.npmjs.org/levn/-/levn-0.4.1.tgz 9629ms (cache miss)
3146 http fetch GET 200 https://registry.npmjs.org/is-glob/-/is-glob-4.0.3.tgz 9630ms (cache miss)
3147 http fetch GET 200 https://registry.npmjs.org/json-stable-stringify-without-jsonify/-/json-stable-stringify-without-jsonify-1.0.1.tgz 9636ms (cache miss)
3148 http fetch GET 200 https://registry.npmjs.org/eslint-plugin-react/-/eslint-plugin-react-7.37.5.tgz 9703ms (cache miss)
3149 http fetch GET 200 https://registry.npmjs.org/eslint/-/eslint-9.39.5.tgz 9732ms (cache miss)
3150 warn deprecated eslint@9.39.5: This version is no longer supported. Please see https://eslint.org/version-support for other options.
3151 http fetch GET 200 https://registry.npmjs.org/glob-parent/-/glob-parent-6.0.2.tgz 9788ms (cache miss)
3152 http fetch GET 200 https://registry.npmjs.org/find-up/-/find-up-5.0.0.tgz 10228ms (cache miss)
3153 http fetch GET 200 https://registry.npmjs.org/ignore/-/ignore-5.3.2.tgz 10258ms (cache miss)
3154 http fetch GET 200 https://registry.npmjs.org/fast-deep-equal/-/fast-deep-equal-3.1.3.tgz 10267ms (cache miss)
3155 http fetch GET 200 https://registry.npmjs.org/esquery/-/esquery-1.7.0.tgz 10314ms (cache miss)
3156 http fetch GET 200 https://registry.npmjs.org/esutils/-/esutils-2.0.3.tgz 10324ms (cache miss)
3157 http fetch GET 200 https://registry.npmjs.org/escape-string-regexp/-/escape-string-regexp-4.0.0.tgz 10331ms (cache miss)
3158 http fetch GET 200 https://registry.npmjs.org/imurmurhash/-/imurmurhash-0.1.4.tgz 10343ms (cache miss)
3159 http fetch GET 200 https://registry.npmjs.org/cross-spawn/-/cross-spawn-7.0.6.tgz 10364ms (cache miss)
3160 http fetch GET 200 https://registry.npmjs.org/debug/-/debug-4.4.3.tgz 10370ms (cache miss)
3161 http fetch GET 200 https://registry.npmjs.org/natural-compare/-/natural-compare-1.4.0.tgz 10372ms (cache miss)
3162 http fetch GET 200 https://registry.npmjs.org/@eslint-community/eslint-utils/-/eslint-utils-4.10.1.tgz 10428ms (cache miss)
3163 http fetch GET 200 https://registry.npmjs.org/ajv/-/ajv-6.15.0.tgz 10429ms (cache miss)
3164 http fetch GET 200 https://registry.npmjs.org/@humanwhocodes/module-importer/-/module-importer-1.0.1.tgz 10448ms (cache miss)
3165 http fetch GET 200 https://registry.npmjs.org/@humanfs/node/-/node-0.16.8.tgz 10450ms (cache miss)
3166 http fetch GET 200 https://registry.npmjs.org/@eslint-community/regexpp/-/regexpp-4.12.2.tgz 10594ms (cache miss)
3167 http fetch GET 200 https://registry.npmjs.org/node-releases/-/node-releases-2.0.57.tgz 10614ms (cache miss)
3168 http fetch GET 200 https://registry.npmjs.org/typescript/-/typescript-6.0.3.tgz 10670ms (cache miss)
3169 http fetch GET 200 https://registry.npmjs.org/electron-to-chromium/-/electron-to-chromium-1.5.443.tgz 10679ms (cache miss)
3170 http fetch GET 200 https://registry.npmjs.org/update-browserslist-db/-/update-browserslist-db-1.3.3.tgz 10683ms (cache miss)
3171 http fetch GET 200 https://registry.npmjs.org/@humanwhocodes/retry/-/retry-0.4.3.tgz 10694ms (cache miss)
3172 http fetch GET 200 https://registry.npmjs.org/postcss-value-parser/-/postcss-value-parser-4.2.0.tgz 10700ms (cache miss)
3173 http fetch GET 200 https://registry.npmjs.org/baseline-browser-mapping/-/baseline-browser-mapping-2.11.27.tgz 10701ms (cache miss)
3174 http fetch GET 200 https://registry.npmjs.org/browserslist/-/browserslist-4.29.3.tgz 10763ms (cache miss)
3175 http fetch GET 200 https://registry.npmjs.org/csstype/-/csstype-3.2.3.tgz 10768ms (cache miss)
3176 http fetch GET 200 https://registry.npmjs.org/@humanfs/core/-/core-0.19.2.tgz 10778ms (cache miss)
3177 http fetch GET 200 https://registry.npmjs.org/fraction.js/-/fraction.js-5.3.4.tgz 10802ms (cache miss)
3178 http fetch GET 200 https://registry.npmjs.org/undici-types/-/undici-types-8.9.0.tgz 10826ms (cache miss)
3179 http fetch GET 200 https://registry.npmjs.org/eslint-config-next/-/eslint-config-next-16.3.8.tgz 10835ms (cache miss)
3180 http fetch GET 200 https://registry.npmjs.org/@types/react-dom/-/react-dom-19.3.0.tgz 10980ms (cache miss)
3181 http fetch GET 200 https://registry.npmjs.org/autoprefixer/-/autoprefixer-10.6.1.tgz 10993ms (cache miss)
3182 http fetch GET 200 https://registry.npmjs.org/postcss/-/postcss-8.5.28.tgz 11021ms (cache miss)
3183 http fetch GET 200 https://registry.npmjs.org/@types/react/-/react-19.3.0.tgz 11049ms (cache miss)
3184 http fetch GET 200 https://registry.npmjs.org/eslint-visitor-keys/-/eslint-visitor-keys-5.0.1.tgz 11052ms (cache miss)
3185 http fetch GET 200 https://registry.npmjs.org/minimatch/-/minimatch-10.2.6.tgz 11097ms (cache miss)
3186 http fetch GET 200 https://registry.npmjs.org/balanced-match/-/balanced-match-4.0.4.tgz 11131ms (cache miss)
3187 http fetch GET 200 https://registry.npmjs.org/brace-expansion/-/brace-expansion-5.0.12.tgz 11188ms (cache miss)
3188 http fetch GET 200 https://registry.npmjs.org/@types/node/-/node-26.6.4.tgz 11199ms (cache miss)
3189 http fetch GET 200 https://registry.npmjs.org/ignore/-/ignore-7.0.11.tgz 11200ms (cache miss)
3190 http fetch GET 200 https://registry.npmjs.org/json5/-/json5-1.0.2.tgz 11200ms (cache miss)
3191 http fetch GET 200 https://registry.npmjs.org/semver/-/semver-7.8.5.tgz 11207ms (cache miss)
3192 http fetch GET 200 https://registry.npmjs.org/picomatch/-/picomatch-4.0.7.tgz 11222ms (cache miss)
3193 http fetch GET 200 https://registry.npmjs.org/fdir/-/fdir-6.5.0.tgz 11231ms (cache miss)
3194 http fetch GET 200 https://registry.npmjs.org/tailwindcss/-/tailwindcss-4.3.3.tgz 11307ms (cache miss)
3195 http fetch GET 200 https://registry.npmjs.org/globals/-/globals-14.0.0.tgz 11338ms (cache miss)
3196 http fetch GET 200 https://registry.npmjs.org/glob-parent/-/glob-parent-5.1.2.tgz 11344ms (cache miss)
3197 http fetch GET 200 https://registry.npmjs.org/debug/-/debug-3.2.7.tgz 11397ms (cache miss)
3198 http fetch GET 200 https://registry.npmjs.org/semver/-/semver-7.8.5.tgz 11402ms (cache miss)
3199 http fetch GET 200 https://registry.npmjs.org/debug/-/debug-3.2.7.tgz 11415ms (cache miss)
3200 http fetch GET 200 https://registry.npmjs.org/debug/-/debug-3.2.7.tgz 11455ms (cache miss)
3201 http fetch GET 200 https://registry.npmjs.org/eslint-visitor-keys/-/eslint-visitor-keys-3.4.3.tgz 11525ms (cache miss)
3202 http fetch GET 200 https://registry.npmjs.org/eslint-visitor-keys/-/eslint-visitor-keys-3.4.3.tgz 11557ms (cache miss)
3203 http fetch GET 200 https://registry.npmjs.org/@eslint-community/eslint-utils/-/eslint-utils-4.9.1.tgz 11639ms (cache miss)
3204 http fetch GET 200 https://registry.npmjs.org/postcss 11437ms (cache miss)
3205 silly packumentCache corgi:https://registry.npmjs.org/postcss set size:undefined disposed:false
3206 http fetch GET 200 https://registry.npmjs.org/postcss/-/postcss-8.4.31.tgz 11817ms (cache miss)
3207 info run unrs-resolver@1.12.2 postinstall node_modules/unrs-resolver node postinstall.js
3208 info run unrs-resolver@1.12.2 postinstall { code: 0, signal: null }
3209 http fetch GET 200 https://registry.npmjs.org/next 12586ms (cache miss)
3210 silly packumentCache corgi:https://registry.npmjs.org/next set size:undefined disposed:false
3211 silly ADD node_modules/is-weakset
3212 silly ADD node_modules/is-weakmap
3213 silly ADD node_modules/is-map
3214 silly ADD node_modules/generator-function
3215 silly ADD node_modules/async-function
3216 silly ADD node_modules/which-collection
3217 silly ADD node_modules/is-generator-function
3218 silly ADD node_modules/is-finalizationregistry
3219 silly ADD node_modules/is-async-function
3220 silly ADD node_modules/is-number-object
3221 silly ADD node_modules/is-boolean-object
3222 silly ADD node_modules/is-bigint
3223 silly ADD node_modules/isexe
3224 silly ADD node_modules/punycode
3225 silly ADD node_modules/escalade
3226 silly ADD node_modules/napi-postinstall
3227 silly ADD node_modules/@unrs/resolver-binding-darwin-arm64
3228 silly ADD node_modules/which-boxed-primitive
3229 silly ADD node_modules/has-bigints
3230 silly ADD node_modules/@typescript-eslint/tsconfig-utils
3231 silly ADD node_modules/@typescript-eslint/project-service
3232 silly ADD node_modules/@typescript-eslint/types
3233 silly ADD node_modules/ts-api-utils
3234 silly ADD node_modules/@typescript-eslint/visitor-keys
3235 silly ADD node_modules/@typescript-eslint/visitor-keys/node_modules/eslint-visitor-keys
3236 silly ADD node_modules/@typescript-eslint/type-utils
3237 silly ADD node_modules/@typescript-eslint/scope-manager
3238 silly ADD node_modules/@typescript-eslint/utils
3239 silly ADD node_modules/@typescript-eslint/typescript-estree
3240 silly ADD node_modules/@typescript-eslint/typescript-estree/node_modules/balanced-match
3241 silly ADD node_modules/@typescript-eslint/typescript-estree/node_modules/brace-expansion
3242 silly ADD node_modules/@typescript-eslint/typescript-estree/node_modules/semver
3243 silly ADD node_modules/@typescript-eslint/typescript-estree/node_modules/minimatch
3244 silly ADD node_modules/@typescript-eslint/parser
3245 silly ADD node_modules/@typescript-eslint/eslint-plugin
3246 silly ADD node_modules/@typescript-eslint/eslint-plugin/node_modules/ignore
3247 silly ADD node_modules/which-builtin-type
3248 silly ADD node_modules/reflect.getprototypeof
3249 silly ADD node_modules/for-each
3250 silly ADD node_modules/strip-bom
3251 silly ADD node_modules/minimist
3252 silly ADD node_modules/@types/json5
3253 silly ADD node_modules/is-number
3254 silly ADD node_modules/has-flag
3255 silly ADD node_modules/side-channel-weakmap
3256 silly ADD node_modules/side-channel-map
3257 silly ADD node_modules/side-channel-list
3258 silly ADD node_modules/shebang-regex
3259 silly ADD node_modules/isarray
3260 silly ADD node_modules/queue-microtask
3261 silly ADD node_modules/supports-preserve-symlinks-flag
3262 silly ADD node_modules/path-parse
3263 silly ADD node_modules/node-exports-info
3264 silly ADD node_modules/react-is
3265 silly ADD node_modules/object-assign
3266 silly ADD node_modules/callsites
3267 silly ADD node_modules/yocto-queue
3268 silly ADD node_modules/p-limit
3269 silly ADD node_modules/word-wrap
3270 silly ADD node_modules/fast-levenshtein
3271 silly ADD node_modules/deep-is
3272 silly ADD node_modules/concat-map
3273 silly ADD node_modules/balanced-match
3274 silly ADD node_modules/brace-expansion
3275 silly ADD node_modules/to-regex-range
3276 silly ADD node_modules/fill-range
3277 silly ADD node_modules/picomatch
3278 silly ADD node_modules/braces
3279 silly ADD node_modules/yallist
3280 silly ADD node_modules/p-locate
3281 silly ADD node_modules/type-check
3282 silly ADD node_modules/prelude-ls
3283 silly ADD node_modules/language-subtag-registry
3284 silly ADD node_modules/json-buffer
3285 silly ADD node_modules/argparse
3286 silly ADD node_modules/set-function-name
3287 silly ADD node_modules/is-extglob
3288 silly ADD node_modules/side-channel
3289 silly ADD node_modules/resolve-from
3290 silly ADD node_modules/parent-module
3291 silly ADD node_modules/hermes-estree
3292 silly ADD node_modules/resolve-pkg-maps
3293 silly ADD node_modules/dunder-proto
3294 silly ADD node_modules/is-document.all
3295 silly ADD node_modules/functions-have-names
3296 silly ADD node_modules/keyv
3297 silly ADD node_modules/flatted
3298 silly ADD node_modules/path-exists
3299 silly ADD node_modules/locate-path
3300 silly ADD node_modules/flat-cache
3301 silly ADD node_modules/reusify
3302 silly ADD node_modules/run-parallel
3303 silly ADD node_modules/fastq
3304 silly ADD node_modules/@nodelib/fs.scandir
3305 silly ADD node_modules/micromatch
3306 silly ADD node_modules/merge2
3307 silly ADD node_modules/@nodelib/fs.walk
3308 silly ADD node_modules/@nodelib/fs.stat
3309 silly ADD node_modules/acorn-jsx
3310 silly ADD node_modules/acorn
3311 silly ADD node_modules/esrecurse
3312 silly ADD node_modules/@jridgewell/resolve-uri
3313 silly ADD node_modules/@jridgewell/sourcemap-codec
3314 silly ADD node_modules/@babel/helper-string-parser
3315 silly ADD node_modules/@babel/helper-globals
3316 silly ADD node_modules/@babel/helper-module-imports
3317 silly ADD node_modules/lru-cache
3318 silly ADD node_modules/@babel/helper-validator-option
3319 silly ADD node_modules/@babel/compat-data
3320 silly ADD node_modules/jsesc
3321 silly ADD node_modules/@jridgewell/trace-mapping
3322 silly ADD node_modules/@jridgewell/gen-mapping
3323 silly ADD node_modules/@babel/helper-validator-identifier
3324 silly ADD node_modules/json5
3325 silly ADD node_modules/gensync
3326 silly ADD node_modules/convert-source-map
3327 silly ADD node_modules/@jridgewell/remapping
3328 silly ADD node_modules/@babel/types
3329 silly ADD node_modules/@babel/traverse
3330 silly ADD node_modules/@babel/template
3331 silly ADD node_modules/@babel/helpers
3332 silly ADD node_modules/@babel/helper-module-transforms
3333 silly ADD node_modules/@babel/helper-compilation-targets
3334 silly ADD node_modules/@babel/generator
3335 silly ADD node_modules/@babel/code-frame
3336 silly ADD node_modules/zod-validation-error
3337 silly ADD node_modules/zod
3338 silly ADD node_modules/hermes-parser
3339 silly ADD node_modules/@babel/parser
3340 silly ADD node_modules/@babel/core
3341 silly ADD node_modules/iterator.prototype
3342 silly ADD node_modules/string.prototype.repeat
3343 silly ADD node_modules/string.prototype.matchall
3344 silly ADD node_modules/prop-types
3345 silly ADD node_modules/object.entries
3346 silly ADD node_modules/estraverse
3347 silly ADD node_modules/es-iterator-helpers
3348 silly ADD node_modules/array.prototype.tosorted
3349 silly ADD node_modules/array.prototype.findlast
3350 silly ADD node_modules/string.prototype.includes
3351 silly ADD node_modules/language-tags
3352 silly ADD node_modules/jsx-ast-utils
3353 silly ADD node_modules/emoji-regex
3354 silly ADD node_modules/damerau-levenshtein
3355 silly ADD node_modules/axobject-query
3356 silly ADD node_modules/axe-core
3357 silly ADD node_modules/ast-types-flow
3358 silly ADD node_modules/aria-query
3359 silly ADD node_modules/is-symbol
3360 silly ADD node_modules/is-date-object
3361 silly ADD node_modules/es-abstract-get
3362 silly ADD node_modules/has-tostringtag
3363 silly ADD node_modules/possible-typed-array-names
3364 silly ADD node_modules/which-typed-array
3365 silly ADD node_modules/unbox-primitive
3366 silly ADD node_modules/typed-array-length
3367 silly ADD node_modules/typed-array-byte-offset
3368 silly ADD node_modules/typed-array-byte-length
3369 silly ADD node_modules/typed-array-buffer
3370 silly ADD node_modules/string.prototype.trimstart
3371 silly ADD node_modules/string.prototype.trim
3372 silly ADD node_modules/stop-iteration-iterator
3373 silly ADD node_modules/set-proto
3374 silly ADD node_modules/safe-regex-test
3375 silly ADD node_modules/safe-push-apply
3376 silly ADD node_modules/safe-array-concat
3377 silly ADD node_modules/regexp.prototype.flags
3378 silly ADD node_modules/own-keys
3379 silly ADD node_modules/object.assign
3380 silly ADD node_modules/object-inspect
3381 silly ADD node_modules/is-weakref
3382 silly ADD node_modules/is-typed-array
3383 silly ADD node_modules/is-shared-array-buffer
3384 silly ADD node_modules/is-set
3385 silly ADD node_modules/is-regex
3386 silly ADD node_modules/is-negative-zero
3387 silly ADD node_modules/is-data-view
3388 silly ADD node_modules/is-callable
3389 silly ADD node_modules/is-array-buffer
3390 silly ADD node_modules/internal-slot
3391 silly ADD node_modules/has-symbols
3392 silly ADD node_modules/has-proto
3393 silly ADD node_modules/globalthis
3394 silly ADD node_modules/get-symbol-description
3395 silly ADD node_modules/get-proto
3396 silly ADD node_modules/function.prototype.name
3397 silly ADD node_modules/es-to-primitive
3398 silly ADD node_modules/es-set-tostringtag
3399 silly ADD node_modules/data-view-byte-offset
3400 silly ADD node_modules/data-view-byte-length
3401 silly ADD node_modules/data-view-buffer
3402 silly ADD node_modules/available-typed-arrays
3403 silly ADD node_modules/arraybuffer.prototype.slice
3404 silly ADD node_modules/array-buffer-byte-length
3405 silly ADD node_modules/gopd
3406 silly ADD node_modules/object-keys
3407 silly ADD node_modules/has-property-descriptors
3408 silly ADD node_modules/define-data-property
3409 silly ADD node_modules/function-bind
3410 silly ADD node_modules/set-function-length
3411 silly ADD node_modules/get-intrinsic
3412 silly ADD node_modules/es-define-property
3413 silly ADD node_modules/call-bind-apply-helpers
3414 silly ADD node_modules/es-errors
3415 silly ADD node_modules/math-intrinsics
3416 silly ADD node_modules/is-string
3417 silly ADD node_modules/es-shim-unscopables
3418 silly ADD node_modules/es-object-atoms
3419 silly ADD node_modules/es-abstract
3420 silly ADD node_modules/define-properties
3421 silly ADD node_modules/call-bound
3422 silly ADD node_modules/call-bind
3423 silly ADD node_modules/tsconfig-paths
3424 silly ADD node_modules/tsconfig-paths/node_modules/json5
3425 silly ADD node_modules/string.prototype.trimend
3426 silly ADD node_modules/semver
3427 silly ADD node_modules/object.values
3428 silly ADD node_modules/object.groupby
3429 silly ADD node_modules/object.fromentries
3430 silly ADD node_modules/hasown
3431 silly ADD node_modules/eslint-module-utils
3432 silly ADD node_modules/eslint-module-utils/node_modules/debug
3433 silly ADD node_modules/doctrine
3434 silly ADD node_modules/array.prototype.flatmap
3435 silly ADD node_modules/array.prototype.flat
3436 silly ADD node_modules/array.prototype.findlastindex
3437 silly ADD node_modules/array-includes
3438 silly ADD node_modules/@rtsao/scc
3439 silly ADD node_modules/unrs-resolver
3440 silly ADD node_modules/tinyglobby
3441 silly ADD node_modules/tinyglobby/node_modules/picomatch
3442 silly ADD node_modules/tinyglobby/node_modules/fdir
3443 silly ADD node_modules/stable-hash
3444 silly ADD node_modules/is-bun-module
3445 silly ADD node_modules/is-bun-module/node_modules/semver
3446 silly ADD node_modules/get-tsconfig
3447 silly ADD node_modules/@nolyfill/is-core-module
3448 silly ADD node_modules/resolve
3449 silly ADD node_modules/is-core-module
3450 silly ADD node_modules/color-name
3451 silly ADD node_modules/color-convert
3452 silly ADD node_modules/supports-color
3453 silly ADD node_modules/ansi-styles
3454 silly ADD node_modules/strip-json-comments
3455 silly ADD node_modules/js-yaml
3456 silly ADD node_modules/import-fresh
3457 silly ADD node_modules/@types/json-schema
3458 silly ADD node_modules/@eslint/object-schema
3459 silly ADD node_modules/minimatch
3460 silly ADD node_modules/lodash.merge
3461 silly ADD node_modules/file-entry-cache
3462 silly ADD node_modules/espree
3463 silly ADD node_modules/eslint-visitor-keys
3464 silly ADD node_modules/eslint-scope
3465 silly ADD node_modules/chalk
3466 silly ADD node_modules/@types/estree
3467 silly ADD node_modules/@eslint/plugin-kit
3468 silly ADD node_modules/@eslint/js
3469 silly ADD node_modules/@eslint/eslintrc
3470 silly ADD node_modules/@eslint/eslintrc/node_modules/globals
3471 silly ADD node_modules/@eslint/core
3472 silly ADD node_modules/@eslint/config-helpers
3473 silly ADD node_modules/@eslint/config-array
3474 silly ADD node_modules/fast-glob
3475 silly ADD node_modules/fast-glob/node_modules/glob-parent
3476 silly ADD node_modules/typescript
3477 silly ADD node_modules/typescript-eslint
3478 silly ADD node_modules/globals
3479 silly ADD node_modules/eslint-plugin-react-hooks
3480 silly ADD node_modules/eslint-plugin-react
3481 silly ADD node_modules/eslint-plugin-jsx-a11y
3482 silly ADD node_modules/eslint
3483 silly ADD node_modules/eslint-plugin-import
3484 silly ADD node_modules/eslint-plugin-import/node_modules/debug
3485 silly ADD node_modules/eslint-import-resolver-typescript
3486 silly ADD node_modules/eslint-import-resolver-node
3487 silly ADD node_modules/eslint-import-resolver-node/node_modules/debug
3488 silly ADD node_modules/@next/eslint-plugin-next
3489 silly ADD node_modules/@next/eslint-plugin-next/node_modules/eslint-visitor-keys
3490 silly ADD node_modules/@next/eslint-plugin-next/node_modules/@eslint-community/eslint-utils
3491 silly ADD node_modules/ms
3492 silly ADD node_modules/which
3493 silly ADD node_modules/shebang-command
3494 silly ADD node_modules/path-key
3495 silly ADD node_modules/uri-js
3496 silly ADD node_modules/json-schema-traverse
3497 silly ADD node_modules/fast-json-stable-stringify
3498 silly ADD node_modules/@humanfs/types
3499 silly ADD node_modules/@humanfs/core
3500 silly ADD node_modules/levn
3501 silly ADD node_modules/optionator
3502 silly ADD node_modules/natural-compare
3503 silly ADD node_modules/json-stable-stringify-without-jsonify
3504 silly ADD node_modules/is-glob
3505 silly ADD node_modules/imurmurhash
3506 silly ADD node_modules/ignore
3507 silly ADD node_modules/glob-parent
3508 silly ADD node_modules/find-up
3509 silly ADD node_modules/fast-deep-equal
3510 silly ADD node_modules/esutils
3511 silly ADD node_modules/esquery
3512 silly ADD node_modules/escape-string-regexp
3513 silly ADD node_modules/debug
3514 silly ADD node_modules/cross-spawn
3515 silly ADD node_modules/ajv
3516 silly ADD node_modules/@humanwhocodes/retry
3517 silly ADD node_modules/@humanwhocodes/module-importer
3518 silly ADD node_modules/@humanfs/node
3519 silly ADD node_modules/@eslint-community/regexpp
3520 silly ADD node_modules/@eslint-community/eslint-utils
3521 silly ADD node_modules/@eslint-community/eslint-utils/node_modules/eslint-visitor-keys
3522 silly ADD node_modules/update-browserslist-db
3523 silly ADD node_modules/node-releases
3524 silly ADD node_modules/electron-to-chromium
3525 silly ADD node_modules/baseline-browser-mapping
3526 silly ADD node_modules/postcss-value-parser
3527 silly ADD node_modules/fraction.js
3528 silly ADD node_modules/browserslist
3529 silly ADD node_modules/csstype
3530 silly ADD node_modules/undici-types
3531 silly ADD node_modules/tailwindcss
3532 silly ADD node_modules/eslint-config-next
3533 silly ADD node_modules/autoprefixer
3534 silly ADD node_modules/@types/react-dom
3535 silly ADD node_modules/@types/react
3536 silly ADD node_modules/@types/node
3537 silly CHANGE node_modules/postcss
3538 silly ADD node_modules/next/node_modules/postcss
3539 warn install-scripts 1 package has install scripts not yet covered by allowScripts:
3539 warn install-scripts   unrs-resolver@1.12.2 (postinstall: node postinstall.js)
3539 warn install-scripts
3539 warn install-scripts Run `npm install-scripts ls` to review, or `npm install-scripts approve <pkg>` to allow.
3540 verbose cwd /Users/macbook/Downloads/FrontEnd_Training/eagletech-store
3541 verbose os Darwin 27.0.0
3542 verbose node v24.21.0
3543 verbose npm  v11.19.0
3544 notice
3544 notice New [31mmajor[39m version of npm available! [31m11.19.0[39m -> [34m12.2.0[39m
3544 notice Changelog: [34mhttps://github.com/npm/cli/releases/tag/v12.2.0[39m
3544 notice To update run: [4mnpm install -g npm@12.2.0[24m
3544 notice  { force: true, Symbol(proc-log.meta): true }
3545 verbose exit 0
3546 info ok
